/*
 Navicat Premium Data Transfer

 Source Server         : Local instance MySQL80
 Source Server Type    : MySQL
 Source Server Version : 80015
 Source Host           : localhost:3306
 Source Schema         : webdatvexekhach

 Target Server Type    : MySQL
 Target Server Version : 80015
 File Encoding         : 65001

 Date: 20/04/2022 21:33:39
*/

SET NAMES utf8mb4;
SET FOREIGN_KEY_CHECKS = 0;

-- ----------------------------
-- Table structure for bus_stop
-- ----------------------------
DROP TABLE IF EXISTS `bus_stop`;
CREATE TABLE `bus_stop`  (
  `id` int(11) NOT NULL AUTO_INCREMENT COMMENT 'điểm dừng',
  `name` varchar(255) CHARACTER SET utf8 COLLATE utf8_general_ci NULL DEFAULT NULL,
  `position` varchar(255) CHARACTER SET utf8 COLLATE utf8_general_ci NULL DEFAULT NULL,
  `user_create` varchar(55) CHARACTER SET utf8 COLLATE utf8_general_ci NULL DEFAULT NULL,
  `user_update` varchar(55) CHARACTER SET utf8 COLLATE utf8_general_ci NULL DEFAULT NULL,
  `created_at` datetime NULL DEFAULT NULL,
  `updated_at` datetime NULL DEFAULT NULL,
  PRIMARY KEY (`id`) USING BTREE,
  INDEX `Mã_nhân_viên_tạo`(`user_create` ASC) USING BTREE,
  INDEX `Mã_nhân_viên_chỉnh_sửa`(`user_update` ASC) USING BTREE
) ENGINE = InnoDB AUTO_INCREMENT = 5 CHARACTER SET = utf8 COLLATE = utf8_general_ci ROW_FORMAT = Dynamic;

-- ----------------------------
-- Records of bus_stop
-- ----------------------------
INSERT INTO `bus_stop` VALUES (1, 'Trường Đại Học Ngân Hàng', '10.860252,106.761847', '1', 'Đỗ Văn Bình', '2018-10-08 13:25:29', '2022-03-24 20:30:11');
INSERT INTO `bus_stop` VALUES (3, 'Trạm dừng 1', '10.863760207175778,106.7552897195435', '1', '1', '2018-10-08 11:58:21', '2018-12-13 10:25:37');
INSERT INTO `bus_stop` VALUES (4, 'Đại học Thương Mại', 'Mai dịch - Cầu giấy', '1', NULL, '2022-03-24 20:09:20', '2022-03-24 20:09:20');
INSERT INTO `bus_stop` VALUES (5, 'Đại học Tài Nguyên Môi Trường', 'Cầu diễn - Bắc từ liêm', 'Đỗ Văn Bình', NULL, '2022-03-24 20:28:08', '2022-03-24 20:28:08');

-- ----------------------------
-- Table structure for buse
-- ----------------------------
DROP TABLE IF EXISTS `buse`;
CREATE TABLE `buse`  (
  `id` int(11) NOT NULL AUTO_INCREMENT COMMENT 'chuyến xe',
  `route_id` int(11) NULL DEFAULT NULL COMMENT 'mã lộ trình',
  `driver_id` int(11) NULL DEFAULT NULL COMMENT 'tài xế',
  `coach_id` int(11) NULL DEFAULT NULL,
  `start_day` date NULL DEFAULT NULL,
  `start_time` time NULL DEFAULT NULL,
  `is_active` int(11) NULL DEFAULT 0,
  `price` int(11) NULL DEFAULT NULL,
  `number_seat` varchar(45) CHARACTER SET utf8 COLLATE utf8_general_ci NULL DEFAULT NULL,
  `user_add_id` varchar(45) CHARACTER SET utf8 COLLATE utf8_general_ci NULL DEFAULT NULL,
  `created_at` datetime NULL DEFAULT NULL,
  `updated_at` datetime NULL DEFAULT NULL,
  PRIMARY KEY (`id`) USING BTREE
) ENGINE = InnoDB CHARACTER SET = utf8 COLLATE = utf8_general_ci ROW_FORMAT = Dynamic;

-- ----------------------------
-- Records of buse
-- ----------------------------
INSERT INTO `buse` VALUES (1, 2, 3, 6, '2018-10-25', '22:00:00', 1, 340000, '33', NULL, '2018-10-24 04:33:50', '2022-04-18 21:51:57');
INSERT INTO `buse` VALUES (2, 4, 4, 6, '2018-10-25', '07:30:00', 2, 220000, '35', NULL, '2018-10-24 07:53:25', '2022-04-16 08:15:56');
INSERT INTO `buse` VALUES (3, 3, 3, 6, '2018-10-25', '08:30:00', 1, 220000, '38', NULL, '2018-10-24 07:54:28', '2022-04-19 22:45:34');
INSERT INTO `buse` VALUES (4, 6, 3, 6, '2018-10-25', '09:30:00', 1, 220000, '45', NULL, '2018-10-24 07:57:08', '2018-10-24 08:31:07');
INSERT INTO `buse` VALUES (5, 6, 3, 6, '2018-10-25', '10:30:00', 2, 220000, '45', NULL, '2018-10-24 07:57:50', '2018-10-24 08:31:51');
INSERT INTO `buse` VALUES (6, 6, 3, 6, '2018-10-25', '19:30:00', 3, 220000, '45', NULL, '2018-10-24 07:58:23', '2018-10-24 08:32:57');
INSERT INTO `buse` VALUES (7, 6, 4, 6, '2018-10-25', '21:30:00', 2, 220000, '45', NULL, '2018-10-24 07:58:44', '2018-10-24 08:34:24');
INSERT INTO `buse` VALUES (8, 6, 4, 6, '2018-10-25', '23:30:00', 1, 220000, '45', NULL, '2018-10-24 07:59:12', '2018-10-24 08:34:59');
INSERT INTO `buse` VALUES (9, 6, 3, 6, '2018-10-25', '22:30:00', 2, 220000, '45', NULL, '2018-10-24 07:59:44', '2018-10-24 08:33:44');
INSERT INTO `buse` VALUES (10, 6, 4, 6, '2018-10-26', '07:30:00', 1, 220000, '45', NULL, '2018-10-24 08:02:25', '2018-10-24 08:35:12');
INSERT INTO `buse` VALUES (11, 6, 4, 6, '2018-10-26', '08:30:00', 2, 220000, '45', NULL, '2018-10-24 08:02:42', '2018-10-24 08:36:01');
INSERT INTO `buse` VALUES (12, 6, 4, 6, '2018-10-26', '09:30:00', 1, 220000, '45', NULL, '2018-10-24 08:03:59', '2018-10-24 08:36:40');
INSERT INTO `buse` VALUES (13, 6, 3, 6, '2018-10-26', '10:30:00', 2, 220000, '45', NULL, '2018-10-24 08:04:26', '2018-10-24 08:34:07');
INSERT INTO `buse` VALUES (14, 6, 4, 6, '2018-10-26', '19:30:00', 1, 220000, '45', NULL, '2018-10-24 08:04:43', '2018-10-24 08:36:50');
INSERT INTO `buse` VALUES (15, 6, 4, 6, '2018-10-26', '21:30:00', 2, 220000, '45', NULL, '2018-10-24 08:05:15', '2018-10-24 08:37:10');
INSERT INTO `buse` VALUES (16, 6, 4, 6, '2018-10-26', '22:30:00', 1, 220000, '45', NULL, '2018-10-24 08:05:33', '2018-10-24 08:37:59');
INSERT INTO `buse` VALUES (17, 6, 4, 6, '2018-10-26', '23:30:00', 2, 220000, '45', NULL, '2018-10-24 08:06:04', '2018-10-24 08:38:15');
INSERT INTO `buse` VALUES (18, 6, 3, 7, '2018-10-30', '21:00:00', 1, 230000, '45', NULL, '2018-10-25 08:25:52', '2018-11-01 12:39:52');
INSERT INTO `buse` VALUES (19, 6, 4, 7, '2018-10-30', '22:00:00', 2, 230000, '45', NULL, '2018-10-25 08:33:05', '2018-11-01 12:37:08');
INSERT INTO `buse` VALUES (20, 6, 4, 7, '2018-11-10', '19:30:00', 1, 230000, '45', NULL, '2018-10-30 04:29:23', '2018-11-02 01:26:08');
INSERT INTO `buse` VALUES (21, 6, 4, 7, '2018-11-10', '19:30:00', 2, 230000, '45', NULL, '2018-10-30 04:29:51', '2018-11-02 01:26:42');
INSERT INTO `buse` VALUES (22, 6, 4, 7, '2019-01-10', '19:30:00', 3, 230000, '45', NULL, '2018-10-30 04:30:09', '2018-11-02 01:27:20');
-- INSERT INTO `buse` VALUES (23, 6, 1, 7, '2018-11-10', '21:00:00', 1, 230000, '45', NULL, '0000-00-00 00:00:00', '2018-11-01 12:35:10');
INSERT INTO `buse` VALUES (24, 6, 3, 7, '2018-11-10', '21:00:00', 2, 230000, '45', NULL, '2018-10-30 00:00:00', '2018-11-02 01:28:03');
INSERT INTO `buse` VALUES (25, 6, 4, 7, '2018-11-15', '20:00:00', 1, 230000, '45', NULL, '2018-10-30 04:50:58', '2018-11-01 12:34:38');
INSERT INTO `buse` VALUES (26, 6, 4, 7, '2018-11-05', '22:30:00', 2, 230000, '45', NULL, '2018-10-31 03:54:01', '2018-11-01 12:35:57');
INSERT INTO `buse` VALUES (27, 6, 3, 8, '2018-11-05', '08:30:00', 1, 210000, '45', NULL, '2018-10-31 03:57:43', '2018-10-31 03:57:43');
INSERT INTO `buse` VALUES (28, 6, 3, 8, '2018-11-05', '09:30:00', 2, 210000, '45', NULL, '2018-10-31 03:58:02', '2018-10-31 03:58:02');
INSERT INTO `buse` VALUES (29, 7, 3, 8, '2019-01-15', '08:00:00', 1, 100000, '45', NULL, '2018-10-31 07:48:19', '2018-10-31 07:48:19');
INSERT INTO `buse` VALUES (30, 7, 5, 8, '2019-01-16', '08:00:00', 2, 100000, '45', NULL, '2018-10-31 07:49:04', '2018-10-31 07:49:04');
INSERT INTO `buse` VALUES (31, 7, 4, 8, '2019-01-17', '08:00:00', 1, 100000, '45', NULL, '2018-10-31 07:49:48', '2018-10-31 07:49:48');
INSERT INTO `buse` VALUES (32, 7, 4, 8, '2019-01-18', '08:00:00', 1, 100000, '45', NULL, '2018-10-31 07:50:25', '2018-10-31 07:50:25');
INSERT INTO `buse` VALUES (33, 7, 5, 8, '2019-01-19', '08:00:00', 1, 100000, '45', NULL, '2018-10-31 07:50:47', '2018-10-31 07:50:47');
INSERT INTO `buse` VALUES (34, 7, 5, 8, '2019-01-20', '08:00:00', 1, 100000, '45', NULL, '2018-10-31 07:51:14', '2018-10-31 07:51:14');
INSERT INTO `buse` VALUES (35, 7, 5, 8, '2019-01-21', '08:00:00', 2, 100000, '45', NULL, '2018-10-31 07:51:48', '2018-10-31 07:51:48');
INSERT INTO `buse` VALUES (36, 7, 5, 8, '2019-01-22', '08:00:00', 1, 100000, '45', NULL, '2018-10-31 07:52:20', '2018-10-31 07:52:20');
INSERT INTO `buse` VALUES (37, 7, 5, 8, '2019-01-23', '08:00:00', 1, 100000, '45', NULL, '2018-10-31 07:52:37', '2018-10-31 07:52:37');
INSERT INTO `buse` VALUES (38, 7, 5, 8, '2019-01-24', '08:00:00', 1, 100000, '45', NULL, '2018-10-31 07:53:06', '2018-10-31 07:53:06');
INSERT INTO `buse` VALUES (39, 7, 5, 8, '2019-01-25', '08:00:00', 1, 100000, '45', NULL, '2018-10-31 07:53:26', '2018-10-31 07:53:26');
INSERT INTO `buse` VALUES (40, 7, 5, 8, '2019-01-26', '08:00:00', 1, 100000, '45', NULL, '2018-10-31 07:53:52', '2018-10-31 07:53:52');
INSERT INTO `buse` VALUES (41, 7, 5, 8, '2018-10-27', '08:00:00', 1, 100000, '45', NULL, '2018-10-31 07:54:19', '2018-10-31 07:54:19');
INSERT INTO `buse` VALUES (42, 7, 5, 8, '2018-10-28', '08:00:00', 1, 100000, '45', NULL, '2018-10-31 07:54:36', '2018-10-31 07:54:36');
INSERT INTO `buse` VALUES (43, 7, 5, 8, '2019-01-29', '08:00:00', 2, 100000, '45', NULL, '2018-10-31 07:54:50', '2018-10-31 07:54:50');
INSERT INTO `buse` VALUES (44, 7, 5, 8, '2019-01-30', '08:00:00', 1, 100000, '45', NULL, '2018-10-31 07:55:21', '2018-10-31 07:55:21');
INSERT INTO `buse` VALUES (45, 7, 5, 8, '2019-01-31', '08:00:00', 1, 100000, '45', NULL, '2018-10-31 07:55:37', '2018-10-31 08:38:39');
INSERT INTO `buse` VALUES (46, 1, 5, 7, '2018-11-10', '10:00:00', 2, 760000, '36', NULL, '2018-11-01 09:00:20', '2022-04-15 13:59:28');
INSERT INTO `buse` VALUES (47, 1, 5, 7, '2018-11-10', '10:00:00', 1, 760000, '17', NULL, '2018-11-01 09:00:45', '2022-04-14 22:33:27');
INSERT INTO `buse` VALUES (48, 1, 5, 7, '2019-01-20', '15:00:00', 1, 500000, '45', NULL, '2018-12-19 02:52:07', '2018-12-19 02:52:07');
INSERT INTO `buse` VALUES (49, 1, 4, 7, '2019-01-20', '17:00:00', 1, 450000, '45', NULL, '2018-12-19 02:55:08', '2018-12-19 02:55:08');

-- ----------------------------
-- Table structure for coach
-- ----------------------------
DROP TABLE IF EXISTS `coach`;
CREATE TABLE `coach`  (
  `id` int(11) NOT NULL AUTO_INCREMENT,
  `license_plate` varchar(255) CHARACTER SET utf8 COLLATE utf8_general_ci NULL DEFAULT NULL,
  `type_car_id` int(11) NULL DEFAULT NULL,
  `number_seat` int(11) NULL DEFAULT NULL,
  `is_active` int(11) NULL DEFAULT NULL,
  `created_at` datetime NULL DEFAULT NULL,
  `updated_at` datetime NULL DEFAULT NULL,
  PRIMARY KEY (`id`) USING BTREE
) ENGINE = InnoDB CHARACTER SET = utf8 COLLATE = utf8_general_ci ROW_FORMAT = Dynamic;

-- ----------------------------
-- Records of coach
-- ----------------------------
INSERT INTO `coach` VALUES (6, '51H1-34215', 7, 45, 1, '2018-10-14 09:10:08', '2022-03-22 21:55:42');
INSERT INTO `coach` VALUES (7, '77A2-00011', 7, 46, 1, '2018-10-25 08:22:03', '2018-10-25 08:22:03');
INSERT INTO `coach` VALUES (8, '51H1-32012', 6, 45, 0, '2018-10-31 03:56:53', '2018-10-31 03:56:53');
INSERT INTO `coach` VALUES (9, '29H-123457', 6, 45, 1, '2022-03-22 13:10:40', '2022-03-22 22:09:13');
INSERT INTO `coach` VALUES (10, '29H-123456', 6, 46, 0, '2022-03-22 19:53:27', '2022-03-22 22:09:23');

-- ----------------------------
-- Table structure for contact
-- ----------------------------
DROP TABLE IF EXISTS `contact`;
CREATE TABLE `contact`  (
  `id` int(10) NOT NULL AUTO_INCREMENT,
  `name` varchar(255) CHARACTER SET utf8 COLLATE utf8_general_ci NOT NULL,
  `email` varchar(255) CHARACTER SET utf8 COLLATE utf8_general_ci NOT NULL,
  `phone` varchar(255) CHARACTER SET utf8 COLLATE utf8_general_ci NOT NULL,
  `title` varchar(255) CHARACTER SET utf8 COLLATE utf8_general_ci NOT NULL,
  `content` text CHARACTER SET utf8 COLLATE utf8_general_ci NOT NULL,
  `date_submit` datetime NOT NULL,
  `is_checked` int(1) NOT NULL DEFAULT 0,
  `create_at` datetime NULL DEFAULT NULL,
  `update_at` datetime NULL DEFAULT NULL,
  PRIMARY KEY (`id`) USING BTREE
) ENGINE = InnoDB CHARACTER SET = latin1 COLLATE = latin1_swedish_ci ROW_FORMAT = Dynamic;

-- ----------------------------
-- Records of contact
-- ----------------------------
INSERT INTO `contact` VALUES (1, 'nguyen thhanh nhan', '51202526@gmail.com', '0989671651', 'testtesttestttesttesttesttesttesttesttesttesttesttesttesttesttesttestesttesttesttesttesttesttesttesttesttesttest', 'test', '2018-11-16 03:40:35', 0, NULL, NULL);
INSERT INTO `contact` VALUES (2, 'Nguyen Thanh Nhan', 'nhan51202526@gmail.com', '0989671651', 'test', 'tetstsdasd', '2018-11-28 17:55:48', 0, NULL, NULL);

-- ----------------------------
-- Table structure for customer
-- ----------------------------
DROP TABLE IF EXISTS `customer`;
CREATE TABLE `customer`  (
  `id` int(11) NOT NULL AUTO_INCREMENT,
  `name` varchar(255) CHARACTER SET utf8 COLLATE utf8_general_ci NULL DEFAULT NULL,
  `date_birth` datetime NULL DEFAULT NULL,
  `sex` varchar(40) CHARACTER SET utf8 COLLATE utf8_general_ci NULL DEFAULT NULL,
  `address` tinytext CHARACTER SET utf8 COLLATE utf8_general_ci NULL,
  `email` varchar(255) CHARACTER SET utf8 COLLATE utf8_general_ci NULL DEFAULT NULL,
  `password` varchar(255) CHARACTER SET utf8 COLLATE utf8_general_ci NULL DEFAULT NULL,
  `phone` varchar(255) CHARACTER SET utf8 COLLATE utf8_general_ci NULL DEFAULT NULL,
  `created_at` datetime NULL DEFAULT NULL,
  `updated_at` datetime NULL DEFAULT NULL,
  PRIMARY KEY (`id`) USING BTREE
) ENGINE = InnoDB CHARACTER SET = utf8 COLLATE = utf8_general_ci ROW_FORMAT = Dynamic;

-- ----------------------------
-- Records of customer
-- ----------------------------
INSERT INTO `customer` VALUES (7, 'Nguyễn Đặng Sỹ Luân', '1995-12-09 00:00:00', '1', NULL, 'syluanit@gmail.com', 'd41d8cd98f00b204e9800998ecf8427e', '0963219951', '2018-10-24 08:40:26', '2018-12-05 01:35:14');
INSERT INTO `customer` VALUES (8, 'Dương Kim', '1994-08-12 00:00:00', '1', NULL, 'duongkim@gmail.com', '52c69e3a57331081823331c4e69d3f2e', '0322336512', '2018-10-24 08:42:46', '2018-10-24 08:42:46');
INSERT INTO `customer` VALUES (9, 'Dương Lan', '1992-05-12 00:00:00', '2', NULL, 'duonglan@gmail.com', '52c69e3a57331081823331c4e69d3f2e', '0969315468', '2018-10-24 08:44:33', '2018-10-24 08:44:33');
INSERT INTO `customer` VALUES (10, 'Dương Anh', '1995-01-22 00:00:00', '1', NULL, 'duonganh@gmail.com', '52c69e3a57331081823331c4e69d3f2e', '0523459876', '2018-10-24 08:45:33', '2018-10-24 08:45:33');
INSERT INTO `customer` VALUES (11, 'Dương Chi', '1996-12-25 00:00:00', '2', NULL, 'duongchi@gmail.com', '52c69e3a57331081823331c4e69d3f2e', '0882283553', '2018-10-24 08:46:21', '2018-10-24 08:46:21');
INSERT INTO `customer` VALUES (12, 'Dương Cao', '1993-09-15 00:00:00', '1', NULL, 'duongcao@gmail.com', '52c69e3a57331081823331c4e69d3f2e', '0835535793', '2018-10-24 08:47:13', '2018-10-24 08:47:13');
INSERT INTO `customer` VALUES (13, 'Dương Khang', '1997-07-13 00:00:00', '1', NULL, 'duongkhang@gmail.com', '83d634317da9e6facbb206b52937abc3', '0743345786', '2018-10-24 08:47:57', '2018-10-24 08:47:57');
INSERT INTO `customer` VALUES (14, 'Dương Tuyết', '1995-05-14 00:00:00', '2', NULL, 'duongtuyet@gmail.com', '83d634317da9e6facbb206b52937abc3', '0983383747', '2018-10-24 08:49:11', '2018-10-24 08:49:11');
INSERT INTO `customer` VALUES (15, 'Dương Mai', '1993-02-19 00:00:00', '2', NULL, 'duongmai@gmail.com', '83d634317da9e6facbb206b52937abc3', '0312435678', '2018-10-24 08:50:08', '2018-10-24 08:50:08');
INSERT INTO `customer` VALUES (16, 'Dương Nam', '1996-12-17 00:00:00', '1', NULL, 'duongnam@gmail.com', '83d634317da9e6facbb206b52937abc3', '0786456732', '2018-10-24 08:51:06', '2018-10-24 08:51:06');
INSERT INTO `customer` VALUES (17, 'Dương Dương', '1994-11-16 00:00:00', '1', NULL, 'duongduong@gmail.com', '83d634317da9e6facbb206b52937abc3', '0969235481', '2018-10-24 08:51:47', '2018-10-24 08:51:47');
INSERT INTO `customer` VALUES (18, 'Dương Nhất', '1989-09-09 00:00:00', '1', NULL, 'duongnhat@gmail.com', '83d634317da9e6facbb206b52937abc3', '0343546576', '2018-10-24 08:53:15', '2018-10-24 08:53:15');
INSERT INTO `customer` VALUES (19, 'Dương Thanh', '1995-08-25 00:00:00', '2', NULL, 'duongthanh@gmail.com', '83d634317da9e6facbb206b52937abc3', '0321345678', '2018-10-24 08:53:59', '2018-10-24 08:53:59');
INSERT INTO `customer` VALUES (20, 'Dương Nguyệt', '1997-04-14 00:00:00', '2', NULL, 'duongnguyet@gmail.com', '83d634317da9e6facbb206b52937abc3', '0945454556', '2018-10-24 08:54:42', '2018-10-24 08:54:42');
INSERT INTO `customer` VALUES (21, 'Dương Ngọc', '1993-03-15 00:00:00', '2', NULL, 'duongngoc@gmail.com', '83d634317da9e6facbb206b52937abc3', '0312123456', '2018-10-24 08:55:26', '2018-10-24 08:55:26');
INSERT INTO `customer` VALUES (22, 'Dương Như', '1997-02-11 00:00:00', '2', NULL, 'duongnhu@gmail.com', '83d634317da9e6facbb206b52937abc3', '0964328764', '2018-10-24 08:56:46', '2018-10-24 08:56:46');
INSERT INTO `customer` VALUES (23, 'Hoàng Anh', '1994-04-15 00:00:00', '2', NULL, 'hoanganh@gmail.com', '83d634317da9e6facbb206b52937abc3', '0945345645', '2018-10-24 08:58:08', '2018-10-24 08:58:08');
INSERT INTO `customer` VALUES (24, 'Hoàng Lan', '1991-11-11 00:00:00', '2', NULL, 'hoanglan@gmail.com', '83d634317da9e6facbb206b52937abc3', '0393777037', '2018-10-24 08:58:53', '2018-10-24 08:58:53');
INSERT INTO `customer` VALUES (25, 'Hoàng Văn Hoàng', '1991-08-14 00:00:00', '1', NULL, 'vanhoang@gmail.com', '83d634317da9e6facbb206b52937abc3', '0838384858', '2018-10-24 08:59:43', '2018-10-24 08:59:43');
INSERT INTO `customer` VALUES (26, 'Hoàng Minh', '1992-02-12 00:00:00', '1', NULL, 'hoangminh@gmail.com', '83d634317da9e6facbb206b52937abc3', '0932323445', '2018-10-24 09:00:35', '2018-10-24 09:00:35');
INSERT INTO `customer` VALUES (27, 'Hoàng Kim', '1995-02-12 00:00:00', '1', NULL, 'hoangkim@gmail.com', '83d634317da9e6facbb206b52937abc3', '0556765434', '2018-10-24 09:01:34', '2018-10-24 09:01:34');
INSERT INTO `customer` VALUES (28, 'Phan Anh Minh', '1994-04-10 00:00:00', '1', NULL, 'phananhminh@gmail.com', '96e79218965eb72c92a549dd5a330112', '0986645434', '2018-10-25 16:36:29', '2018-11-13 02:17:55');
INSERT INTO `customer` VALUES (29, 'Phan Anh Sơn', '2000-02-20 00:00:00', '1', NULL, NULL, '96e79218965eb72c92a549dd5a330112', '0981123235', '2018-11-15 09:26:47', '2018-11-15 09:26:47');
INSERT INTO `customer` VALUES (30, 'Nguyễn Dũng', '1989-03-11 00:00:00', '1', NULL, NULL, 'cd60ed4aeff406acc74d57b6ac7d0a9f', '0988877744', '2018-11-15 09:55:37', '2018-11-15 09:55:37');
INSERT INTO `customer` VALUES (31, 'Nguyễn Hùng', '1985-03-10 00:00:00', '1', NULL, NULL, 'e01e6a729e6fa7b970727061f92fe53c', '0977788844', '2018-11-15 09:57:37', '2018-11-15 09:57:37');
INSERT INTO `customer` VALUES (32, 'Nguyễn Thị Hạnh', '1995-10-21 00:00:00', '2', NULL, NULL, 'dcd3103f1503bbc5c7db0991ff9c08bb', '0978788787', '2018-11-15 11:58:42', '2018-11-15 11:58:42');
INSERT INTO `customer` VALUES (33, 'Phan Anh Hoàng', '2001-02-13 00:00:00', '1', '506/19/15 3/2 street', 'hoang@gmail.com', '96e79218965eb72c92a549dd5a330112', '0909099090', '2018-11-29 09:07:31', '2018-12-14 10:44:56');
INSERT INTO `customer` VALUES (34, 'Nguyễn Văn Sơn', '1992-10-20 00:00:00', '1', NULL, 'vanson@gmail.com', '96e79218965eb72c92a549dd5a330112', '0989989898', '2018-12-15 11:19:15', '2018-12-15 11:19:15');
INSERT INTO `customer` VALUES (35, 'Trần Khánh', '1995-03-10 00:00:00', '1', NULL, NULL, '2c7c9dd50b736aff446264573cf97d8e', '0976767676', '2018-12-15 11:23:56', '2018-12-15 11:23:56');

-- ----------------------------
-- Table structure for duong_di
-- ----------------------------
DROP TABLE IF EXISTS `duong_di`;
CREATE TABLE `duong_di`  (
  `Mã` int(11) NOT NULL AUTO_INCREMENT,
  `Mã_Trạm_Start` int(11) NOT NULL,
  `Mã_Trạm_End` int(11) NOT NULL,
  `Tọa_độ_detail` text CHARACTER SET utf8 COLLATE utf8_general_ci NOT NULL,
  `created_at` datetime NOT NULL,
  `updated_at` datetime NOT NULL,
  PRIMARY KEY (`Mã`) USING BTREE,
  INDEX `Mã_Trạm_Start`(`Mã_Trạm_Start` ASC) USING BTREE,
  INDEX `Mã_Trạm_End`(`Mã_Trạm_End` ASC) USING BTREE,
  CONSTRAINT `duong_di_ibfk_1` FOREIGN KEY (`Mã_Trạm_Start`) REFERENCES `bus_stop` (`id`) ON DELETE RESTRICT ON UPDATE RESTRICT,
  CONSTRAINT `duong_di_ibfk_2` FOREIGN KEY (`Mã_Trạm_End`) REFERENCES `bus_stop` (`id`) ON DELETE RESTRICT ON UPDATE RESTRICT
) ENGINE = InnoDB CHARACTER SET = utf8 COLLATE = utf8_general_ci ROW_FORMAT = Dynamic;

-- ----------------------------
-- Records of duong_di
-- ----------------------------

-- ----------------------------
-- Table structure for introduce
-- ----------------------------
DROP TABLE IF EXISTS `introduce`;
CREATE TABLE `introduce`  (
  `id` int(10) NOT NULL AUTO_INCREMENT COMMENT 'giới thiệu',
  `content` text CHARACTER SET utf8 COLLATE utf8_general_ci NOT NULL,
  `user_id_create` int(10) NOT NULL,
  `user_id_update` int(10) NOT NULL,
  `created_at` datetime NOT NULL,
  `updated_at` datetime NOT NULL,
  PRIMARY KEY (`id`) USING BTREE
) ENGINE = InnoDB CHARACTER SET = latin1 COLLATE = latin1_swedish_ci ROW_FORMAT = Dynamic;

-- ----------------------------
-- Records of introduce
-- ----------------------------
INSERT INTO `introduce` VALUES (1, '<p>CÔNG TY CỔ PHẦN ABC tsdasdhsadkasdhlsakdksaldklsh</p>\r \r <p>dsad</p>\r \r <p>sadsadasd</p>\r \r <p>s</p>\r \r <p>d&aacute;</p>\r \r <p>dsdas</p>\r \r <p>dsa</p>\r \r <p>s</p>\r \r <p>d</p>\r \r <p>đ</p>', 1, 1, '2018-11-15 17:16:18', '2018-12-05 13:34:49');

-- ----------------------------
-- Table structure for news
-- ----------------------------
DROP TABLE IF EXISTS `news`;
CREATE TABLE `news`  (
  `id` int(10) UNSIGNED NOT NULL AUTO_INCREMENT,
  `title` varchar(255) CHARACTER SET utf8 COLLATE utf8_general_ci NULL DEFAULT NULL,
  `image` varchar(255) CHARACTER SET latin1 COLLATE latin1_swedish_ci NULL DEFAULT NULL,
  `introduce` text CHARACTER SET utf8 COLLATE utf8_general_ci NULL,
  `content` longtext CHARACTER SET utf8 COLLATE utf8_general_ci NULL,
  `check_slide` int(11) NULL DEFAULT NULL,
  `created_at` datetime NULL DEFAULT NULL,
  `updated_at` datetime NULL DEFAULT NULL,
  PRIMARY KEY (`id`) USING BTREE
) ENGINE = InnoDB AUTO_INCREMENT = 21 CHARACTER SET = latin1 COLLATE = latin1_swedish_ci ROW_FORMAT = Dynamic;

-- ----------------------------
-- Records of news
-- ----------------------------
INSERT INTO `news` VALUES (1, 'Hồ Gươm, một trong những biểu tượng của Hà Nội', 'hanoi_du_lich_1649684868.jpg', 'Bắt đầu từ 0h ngày 11/2/2017, 13 tỉnh thành đầu tiên trên cả nước sẽ tiến hành chuyển đổi sang mã vùng điện thoại cố định mới giai đoạn 1. Thời gian quay số song song từ 11/2/2017 đến 12/3/2017. Thời gian duy trì âm báo từ 13/3/2017 đến 14/4/2017.', '<p>Các tỉnh này gồm Sơn La, Lai Châu, Lào Cai, Điện Biên, Yên Bái, Quảng Bình, Quảng Trị, Thừa Thiên - Huế, Quảng Nam, Đà Nẵng, Thanh Hoá, Nghệ An, Hà Tĩnh. Các mã vùng mới được quy định cụ thể như sau:</p>\r\n\r\n<p><img alt=\"\" src=\"https://media.istockphoto.com/photos/view-over-hanoi-vietnam-picture-id525833203?b=1&amp;k=20&amp;m=525833203&amp;s=170667a&amp;w=0&amp;h=wxGs1MZttanABMHn8rLxbe06SOB2sjLepocAUFuvtBQ=\" style=\"height:410px; width:850px\" /></p>\r\n\r\n<p>Giai đoạn 2 bắt đầu chuyển đổi từ 0h ngày 15/04/2017, áp dụng cho 23 tỉnh, thành phố. Thời gian quay số song song từ 15/4/2017 đến 14/5/2017. Thời gian duy trì âm báo từ 15/5/2017 đến 16/6/2017. Các mã vùng mới của 23 tỉnh thành chuyển đổi giai đoạn 2 được quy định cụ thể như sau:</p>\r\n\r\n<p><img alt=\"\" src=\"https://media.istockphoto.com/photos/turtle-tower-in-hanoi-hoan-kiem-lake-in-vietnam-picture-id1053497302?b=1&amp;k=20&amp;m=1053497302&amp;s=170667a&amp;w=0&amp;h=ljiIKnB-0b1iUIXI0S2v8MAVEuzPKNFrwCSpe9M-k4o=\" style=\"height:613px; width:850px\" />Giai đoạn 3 bắt đầu từ 0h ngày 17/06/2017 áp dụng cho 23 tỉnh, thành phố cuối cùng. Thời gian quay số song song từ 17/6/2017 đến 16/7/2017. Thời gian duy trì âm báo từ 17/7/2017 đến 31/8/2017.&nbsp;Các mã vùng mới của 23 tỉnh thành chuyển đổi giai đoạn 3&nbsp;được quy định cụ thể như sau:</p>\r\n\r\n<p><img alt=\"\" src=\"https://media.istockphoto.com/photos/hanoi-cityscape-picture-id160179168?b=1&amp;k=20&amp;m=160179168&amp;s=170667a&amp;w=0&amp;h=u2tTCUg_KWBIymmYPAejqi3Z8ihnIb_DU81j5-td5ho=\" style=\"height:617px; width:850px\" /></p>\r\n\r\n<p>Riêng 4 tỉnh Vĩnh Phúc, Phú Thọ, Hòa Bình và Hà Giang được giữ nguyên mã vùng.</p>\r\n\r\n<p><em>&nbsp; &nbsp; &nbsp; &nbsp; &nbsp; &nbsp; &nbsp; &nbsp; &nbsp; &nbsp; &nbsp; &nbsp; &nbsp; &nbsp; &nbsp; &nbsp; &nbsp; &nbsp; &nbsp; &nbsp; &nbsp; &nbsp; &nbsp; &nbsp; &nbsp; &nbsp; &nbsp; &nbsp; &nbsp; &nbsp; &nbsp; &nbsp; &nbsp; &nbsp; &nbsp; &nbsp; &nbsp; &nbsp; &nbsp; &nbsp; &nbsp; &nbsp; &nbsp; &nbsp; &nbsp; &nbsp; &nbsp; &nbsp; &nbsp; &nbsp; &nbsp; &nbsp; &nbsp; &nbsp; &nbsp; &nbsp; &nbsp; &nbsp; &nbsp; &nbsp; &nbsp; &nbsp; &nbsp; &nbsp; &nbsp; &nbsp; &nbsp; &nbsp; &nbsp; &nbsp; &nbsp; &nbsp; &nbsp; &nbsp; &nbsp; &nbsp; &nbsp; &nbsp; &nbsp; &nbsp; &nbsp; &nbsp; &nbsp; &nbsp; &nbsp; &nbsp; &nbsp; &nbsp; &nbsp; &nbsp; &nbsp; &nbsp; &nbsp; &nbsp; &nbsp; &nbsp; &nbsp; (Theo&nbsp;http://vietnamnet.vn)</em></p>\r\n\r\n<p>&nbsp;</p>', 1, '2022-05-01 09:10:29', '2022-04-12 12:55:35');
INSERT INTO `news` VALUES (3, '10 điểm vui chơi ở Hạ Long', 'tai_xuong_1649845932.jpg', 'Du khách có thể đắm mình trong không gian yên bình của làng chài Cửa Vạn, khám phá ẩm thực tại chợ đêm, thưởng ngoạn cảnh sắc nên thơ.', '<p><strong>Vịnh Hạ Long</strong></p>\r\n\r\n<p>&nbsp;</p>\r\n\r\n<p>Vịnh Hạ Long được UNESCO công nhận là Di sản thiên nhiên thế giới. Đây là một trong những điểm đến không thể bỏ lỡ trong hành trình khám phá mảnh đất Hạ Long, Quảng Ninh.</p>\r\n\r\n<p>Bên cạnh việc đắm mình trong vẻ đẹp kỳ diệu bao quanh bởi các đảo đá dày đặc cũng như các hang động tự nhiên tuyệt đẹp thì các hoạt động trải nghiệm trên vịnh cũng rất thú vị. Bạn có thể đón bình minh và hoàng hôn trên boong tàu, tắm biển, thăm quan các làng nổi nuôi cá, ngọc trai... hay chèo thuyền kayak để khám phá hang đá vôi và các đảo nhỏ.<img alt=\"\" src=\"https://i1-dulich.vnecdn.net/2021/03/18/ha-long-9874-1616053174.jpg?w=680&amp;h=0&amp;q=100&amp;dpr=1&amp;fit=crop&amp;s=giMzZ2qNnBZfveuvvqmlLQ\" style=\"height:614px; width:1200px\" /></p>\r\n\r\n<p style=\"text-align:center\"><em>Vịnh Hạ Long được UNESCO công nhận là Di sản thiên nhiên thế giới. Ảnh:&nbsp;freepik</em></p>\r\n\r\n<p><strong>Bãi Cháy</strong></p>\r\n\r\n<p>Bãi Cháy nổi tiếng là bãi biển nhân tạo với chiều dài gần 1 km, cát trắng mịn, nước trong. Nơi đây thích hợp để tắm biển, team building, tắm nắng và những trò chơi trên biển như chèo thuyền kayak, lặn biển, thăm hang động và làng nổi...</p>\r\n\r\n<p><strong>Phố cổ Bãi Cháy</strong></p>\r\n\r\n<p>Điểm đến nằm trên đường Hạ Long, tái hiện nguyên vẹn những đặc trưng của phố cổ ở Hội An và Hà Nội. Dọc con đường là những những mái hiên, vỉa hè với hoa giấy đỏ, đèn lồng, màu sơn vàng đặc trưng cho phố Hội. Con đường còn lại mang vẻ đẹp cổ kính, kết hợp hiện đại của thủ đô.</p>\r\n\r\n<p><strong>Vịnh Lan Hạ</strong></p>\r\n\r\n<p>Sau khi tham quan vịnh Hạ Long, du khách có thể tới vịnh Lan Hạ (huyện Cát Bà, Hải Phòng) cách đó không xa. Nơi đây được bao quanh bởi quần đảo Cát Bà, có nhiều điểm thăm quan nổi bật như: hang Sáng Tối, bãi tắm Ba Trái Đào, bãi tắm Vạn Bội, hòn khỉ, đảo Nam Cát...</p>\r\n\r\n<p><img alt=\"\" src=\"https://i1-dulich.vnecdn.net/2021/03/18/tam-bien-3795-1616053174.jpg?w=680&amp;h=0&amp;q=100&amp;dpr=1&amp;fit=crop&amp;s=Ppc_-a67VUHNEPM0PTRy8A\" style=\"height:801px; width:1200px\" /></p>\r\n\r\n<p style=\"text-align:center\"><em>Cho thuê thuyền kayak có ở khu vực Ba Hang, đảo Lờm Bò, Cửa Vạn, Hang Cỏ, Cống Đầm với giá 50.000 - 100.000 đồng một giờ. Ảnh:&nbsp;Nina Lishchuk/Shutterstock.</em></p>\r\n\r\n<p><strong>Chợ đêm Hạ Long</strong></p>\r\n\r\n<p>Nằm ở đại lộ Hạ Long Marine, Bãi Cháy, chợ đêm Hạ Long mang đến cho du khách trải nghiệm khám phá một Hạ Long rất riêng về đêm. Đến đây, bạn sẽ bị choáng ngợp với đèn điện sáng trưng, hơn 300 gian hàng lớn nhỏ với đủ các mặt hàng từ đồ lưu niệm, thời trang, đặc sản địa phương...</p>\r\n\r\n<p>Chợ đêm có hai tầng, tầng một chủ yếu là các gian hàng lưu niệm, túi xách, trang sức; tầng hai bày bán các đặc sản của Hạ Long như chả mực, hải sản, bánh kẹo.</p>\r\n\r\n<p><strong>Làng chài Cửa Vạn</strong></p>\r\n\r\n<p><strong><img alt=\"\" src=\"https://i1-dulich.vnecdn.net/2021/03/18/cua-van-5284-1616053174.jpg?w=680&amp;h=0&amp;q=100&amp;dpr=1&amp;fit=crop&amp;s=eH5JXoB3_MSZ5_lgnMA3uw\" style=\"height:590px; width:1200px\" /></strong></p>\r\n\r\n<p style=\"text-align:center\"><em>Nhờ quang cảnh đẹp, làng chài Cửa Vạn ở Quảng Ninh được&nbsp;Huffington Post&nbsp;bình chọn là một trong những thị trấn nhỏ, xinh đẹp trên thế giới, phù hợp để dạo chơi và nghỉ dưỡng. Ảnh:&nbsp;Huffington Post</em></p>\r\n\r\n<p>Đây là một trong nhiều làng chài nổi tiếng lâu đời trên vịnh Hạ Long. Tại đây, du khách không chỉ được đắm mình trong không gian êm ả, thanh bình, ngắm nhìn những ngôi nhà gỗ nhỏ trên mặt nước mà còn được tìm hiểu đời sống văn hoá của ngư dân, học cách chèo thuyền, giăng lưới, thả câu bắt tôm cá...</p>\r\n\r\n<p><strong>Đảo Tuần Châu</strong></p>\r\n\r\n<p>Từ một hòn đảo tách biệt với đất liền, ít người dân sinh sống, giờ đây Tuần Châu (tọa lạc tại Ngọc Châu, Tuần Châu, thành phố Hạ Long) đã có đường bộ nối liền, có trung tâm giải trí lớn, cảng tàu quốc tế lớn và hàng loạt khách sạn, điểm vui chơi cho du khách.</p>\r\n\r\n<p>Điểm dừng chân đầu tiên khi du khách tới hòn đảo ngọc này là bãi biển. Với giá vé 40.000 đồng, du khách có thể thỏa sức tung tăng trên bãi cát dài, đắm mình dưới làn nước xanh mát. Bạn cũng có thể thử sức với những môn thể thao mạo hiểm dưới nước như: lướt ván, mô tô nước, chèo kayak, cano dù...Tiếp đó là khu vui chơi giải trí ngoài trời rộng 5 ha mô phỏng nhiều kỳ quan thiên nhiên thế giới. Bên cạnh đó là những màn biểu diễn nhạc nước; xiếc thú hải cẩu, sư tử biển; biểu diễn xiếc cá sấu, xiếc khỉ; xem phim 5D...</p>\r\n\r\n<p><strong>Bảo tàng Quảng Ninh</strong></p>\r\n\r\n<p>Lấy ý tưởng từ hình tượng than đá, Bảo tàng Quảng Ninh là công trình nghệ thuật kiến trúc độc đáo. Nơi đây trưng bày các triển lãm về văn hóa, lịch sử và thiên nhiên Việt Nam.</p>\r\n\r\n<p><img alt=\"\" src=\"https://i1-dulich.vnecdn.net/2021/03/18/quang-ninh-2229-1616053174.jpg?w=680&amp;h=0&amp;q=100&amp;dpr=1&amp;fit=crop&amp;s=vwYPTU7L8PVQh8CVbkbzZQ\" style=\"height:900px; width:1200px\" /></p>\r\n\r\n<p style=\"text-align:center\"><em>Bảo tàng kiêm thư viện 900 tỷ đồng ở Quảng Ninh. Ảnh:&nbsp;Minh Cương.</em></p>\r\n\r\n<p>Nằm trên đường Trần Quốc Nghiễn, Tuần Châu, Bảo tàng Quảng Ninh mở cửa từ 8h–11h30, 13h30–17h các ngày trong tuần trừ thứ hai, giá vé từ 10.000 đến 30.000 đồng. Bảo tàng có 3 tầng, tầng một là không gian của biển cả và thiên nhiên; tầng hai trưng bày hiện vật, giá trị văn hoá, lịch sử Quảng Ninh; tầng ba mô phỏng hầm mỏ khai thác than với kích thước, thiết kế y như thật.</p>\r\n\r\n<p><strong>Công viên hoa Hạ Long</strong></p>\r\n\r\n<p>Nằm ngay bên bờ biển, công viên hoa Hạ Long (đường Lê Thánh Tông, Bạch Đằng) đón những làn gió mát từ biển cả. Đến đây, bạn sẽ được tham quan các khu triển lãm hoa, tham gia các trò chơi giải trí ngoài trời... Tối cuối tuần, công viên hoa Hạ Long còn là nơi tổ chức đêm nhạc du ca thu hút nhiều ban nhạc và bạn trẻ yêu nhạc.</p>\r\n\r\n<p><strong>Núi Bài Thơ - Chùa Long Tiên</strong></p>\r\n\r\n<p>Núi Bài Thơ (Lê Quý Đôn, phường Bạch Đằng) được coi là \"nàng thơ\" của Hạ Long. Sở dĩ mang tên núi Bài Thơ bởi trên đỉnh núi cao 200 m vẫn còn khắc các bài thơ chữ Hán của Lê Thánh Tông và của Trịnh Cương khi miêu tả đẹp của vịnh. Từ trên núi, du khách có thể ngắm nhìn phong cảnh vịnh và thành phố.</p>\r\n\r\n<p>Chùa Long Tiên là ngôi chùa lớn nhất ở Hạ Long. Chùa mang phong cách kiến trúc đặc trưng của các ngôi chùa thời Nguyễn với họa tiết trang trí rồng phượng, cách điệu.</p>\r\n\r\n<p style=\"text-align:right\">vnexpress.net</p>', 0, '2018-11-15 10:12:50', '2022-04-13 17:32:12');
INSERT INTO `news` VALUES (5, 'Chuyển Tuyến Hải Phòng ↔ Hồ Chí Minh, Vũng Tàu Về Bến Thượng Lý - Hải Phòng Từ 22/05/2022', 'hcm_1649845993.jpg', 'Thông báo chuyển về BẾN XE THƯỢNG LÝ-HẢI PHÒNG từ 22/11/2017BẾN XE THƯỢNG LÝ: SỐ 52 ĐƯỜNG HÀ NỘI (SỞ DẦU) - HỒNG BÀNG.', '<p>Xe khách Hoàng Long kính báo tới quý khách hàng chuyển bến xe từ 22/11/2017 :<br />\r\n- Theo sự động viên, định hướng từ Ủy Ban nhân dân Thành phố và quy hoạch của Sở giao thông vận tải Hải Phòng.</p>\r\n\r\n<p>- Kể từ 22/11/2017, Xe khách Hoàng Long chuyển toàn bộ tuyến đi các tỉnh miền trung, miền nam từ bến xe Niệm Nghĩa về BẾN XE THƯỢNG LÝ :</p>\r\n\r\n<p><strong>Hải Phòng ↔&nbsp;HỒ CHÍ MINH<br />\r\nHải Phòng ↔ VŨNG TÀU&nbsp;<br />\r\nHải Phòng ↔ ĐÀ NẴNG</strong></p>\r\n\r\n<p>Các tuyến đi tới các tỉnh, thành phố trên toàn Quốc như:&nbsp;<br />\r\n<em><strong>Ninh Bình → Thanh Hóa → Vinh, Nghệ An→ Hà Tĩnh → Đồng Hới, Quảng Bình → Quảng Trị&nbsp;→ Huế → Quảng Nam → Quảng Ngãi → Bình Đình, Quy Nhơn, Phú Yên → Nha Trang, Cam Ranh,Khánh Hòa → Phan Rang, Phan Thiết, Bình Thuận → Đồng Nai … cũng sẽ xuất phát tại Bến xe Thượng Lý và ngược lại.&nbsp;</strong></em><br />\r\n- Hoàng Long hiện đã mở thêm văn phòng chuyển phát nhanh hàng hóa, bán vé các tuyến ngắn và tuyến miền trung, miền nam tại vị trí&nbsp;<strong>cổng chính Bến xe Thượng Lý</strong>.<br />\r\n- Mọi hoạt động khác của xe khách Hoàng Long trên địa bàn Hải Phòng không thay đổi.&nbsp;<br />\r\n- Tuyến Hải Phòng- Hà Nội vẫn hoạt động bình thường tại bến xe Niệm Nghĩa.</p>\r\n\r\n<p>- Mọi chi tiết xin liên hệ tổng đài<strong>&nbsp;02253.920.920&nbsp;</strong>24/7 Hoàng Long sẽ tư vấn trực tiếp đến quý khách.</p>\r\n\r\n<p><img alt=\"\" src=\"/lvtn/public/images/tintuc/files/tintuc3.jpg\" style=\"height:638px; width:960px\" /></p>', 0, '2018-11-15 10:17:40', '2022-04-13 17:33:13');
INSERT INTO `news` VALUES (6, 'Mùa hè Hà Nội', '1hphong_1649844568.jpg', '(NSHN) - Ai đó đã nói rằng, mùa hè luôn mang đến cho Hà Nội những món quà, những kỷ niệm thật đẹp, thật đặc biệt, dù nắng có gay gắt hơn, không khí có oi ả hơn…', '<p>Hà Nội những ngày tháng 6 nắng như thiêu đốt. Khi những tia nắng chói chang xiên qua lùm cây cũng đồng nghĩa với việc phố phường bừng lên muôn ngàn sắc hoa rực rỡ. Có bằng lăng tím, phượng vĩ đỏ, hoa dâu da xoan ngà trắng, những bông hoàng yến vàng li ti lẩn trong màu xanh của lá, hoa điệp rực vàng ở khu vực ngoại ô… Dường như mùa hè luôn tô điểm cho Hà Nội bằng nhiều sắc hoa rực rỡ, những sắc hoa thương nhớ gợi&nbsp;biết bao hoài niệm.</p>\r\n\r\n<p>Lang thang qua những con đường, ngóc ngách, góc phố Hà Nội, bạn có thể nghe thấy tiếng ve ra rả kêu. Đẹp nhất là ven hồ Hoàn Kiếm, trên đường Thanh Niên..., bằng lăng và phượng vĩ như đua nhau bung nở, cháy hết mình trong nắng hè. Đặc biệt, đi trên đường, ta bắt gặp những chiếc xe đạp cũ kỹ đằng sau đèo một rổ hoa sen sắc hồng, sắc trắng xếp gọn gàng. Hoa sen được nâng niu, ép mình bao bọc bởi những lá sen xanh tươi hãy còn ướt đẫm những giọt sương mai. Đâu đó vài thiếu nữ Hà thành áo dài thướt tha dừng chân ven đường để chọn cho mình một bó hoa tươi đẹp ưng ý. Xe hoa mang theo mùi hương trên từng con phố khiến ta cứ ngẩn ngơ ngắm nhìn...<img alt=\"\" src=\"https://nhipsonghanoi.hanoimoi.com.vn/Uploads/images/tuandiep/2020/06/09/HGuom1(1).jpg\" style=\"height:799px; width:1300px\" /></p>\r\n\r\n<p>Mùa hè luôn đem đến vô vàn cảm xúc, tâm trạng. Với người này là sự mong đợi, háo hức, người kia lại là thấp thỏm âu lo, trầm buồn vô cớ. Năm nay, mùa hè như dài hơn sau những ngày giãn cách xã hội đồng nghĩa với việc các cô cậu học trò sẽ có nhiều kỷ niệm lưu luyến hơn.</p>\r\n\r\n<p><img alt=\"\" src=\"https://nhipsonghanoi.hanoimoi.com.vn/Uploads/images/tuandiep/2020/06/09/Ho%20Nam%20Dong%20DzungArt%20Ng.jpg\" style=\"height:871px; width:1300px\" /></p>\r\n\r\n<p>Người xa xứ luôn nhớ về những mùa hè năm cũ ở Hà Nội. Cô bạn gái bồi hồi trên facebook: “Nhớ khi những gánh hàng rong bán ốc mít, bán bún riêu, bán rau củ đi kĩu kịt ngoài phố..., bà ngoại sẽ gọi lại mua rau muống non buộc lạt rơm kèm với một mớ lá me non kẹp que tre để luộc. Mùa hè có vô vàn những thứ quả chua để nấu nhanh bát canh giải nhiệt, nào sấu xanh, nào quả muỗm nhưng bà thích đánh chua bằng lá me. Rau muống luộc chín vớt ra mới cho lá me vào. Bà ngoại kỹ tính nên bát nước luộc rau thơm mát nhưng lá me thì phải gạn để lại trong nồi. Thực đúng là cái gì không còn nữa mới nhận ra quý báu.</p>\r\n\r\n<p>Có một dạo mới vào Sài Gòn, thấy người ta trải bạt bày bán trái me ngay dưới những gốc me ở đường Pasteur, liền mừng rỡ sà tới coi người ta có bán lá me non không mà không thấy có. Rồi bà ngoại cũng đã đi xa, không còn ai nhắc nhở mình…”.</p>\r\n\r\n<p><img alt=\"\" src=\"https://nhipsonghanoi.hanoimoi.com.vn/Uploads/images/tuandiep/2020/06/09/Ng%20Huu%20Phong1.jpg\" style=\"height:1594px; width:1300px\" /></p>\r\n\r\n<p>&nbsp;</p>\r\n\r\n<p>Cậu bạn trai thì kể: “Ngày xưa, những trưa hè của bọn tớ vui lắm. Lúc đó Hà Nội còn rất ít người, tớ đi học về qua đường Giảng Võ bây giờ, cảm thấy sợ vì chẳng có ai, có mỗi mình tớ trên chiếc xe đạp thiếu nhi Liên Xô, đạp xe qua đường Hùng Vương, Trần Phú nghe tiếng ve kêu, và chờ đợi những quả sấu chín rụng xuống. Nếu vớ được một vài quả thì ngày đó là ngày may mắn của tớ. Đám trẻ Hà Nội ngày ấy cứ chiều chiều là xách vỏ lon sữa bò đi dọc theo các con phố, lụi cụi dưới các gốc cây để câu ve. Chiều muộn ăn cơm xong, lại vội vàng cầm đèn pin đến đúng những chỗ đó để bắt ve lột xác.</p>\r\n\r\n<p>Ngày hè, bọn tớ thoải mái bơi lội tại các hồ Ngọc Khánh, hồ Thành Công, hồ Láng… nước trong xanh và mát mẻ. Thời đó hiếm điện, lại ít quạt điện nhưng chẳng bao giờ thấy nóng nực. Có đi xa mới thấy yêu Hà Nội. Mỗi lúc lê bước trong tuyết lạnh lại thấy thèm cái nóng, cái không khí của những buổi trưa hè Hà Nội. Và khi có dịp về phép, ngày đầu tiên kiểu gì tớ cũng đi bộ lang thang một mình khắp ngõ ngách Hà Nội, để thỏa mãn nỗi nhớ nhung bao nhiêu năm xa cách”.</p>\r\n\r\n<p><strong><img alt=\"\" src=\"https://nhipsonghanoi.hanoimoi.com.vn/Uploads/images/tuandiep/2020/06/09/PhamHai.jpg\" style=\"height:865px; width:1300px\" /></strong></p>\r\n\r\n<p>Hà Nội mãi mãi vẫn là nỗi thương, nỗi nhớ của bao người. Dù cuộc sống có nhiều thay đổi thì trong trái tim&nbsp;của những người Hà Nội, những kỷ niệm ngày hè ở Thủ đô luôn là những ký ức đẹp nhất&nbsp;mà những ai đã trải qua đều đồng cảm và nhung nhớ...</p>', 0, '2018-11-27 22:07:29', '2022-04-13 17:09:28');
INSERT INTO `news` VALUES (7, 'Hà Giang mùa lúa chín có thực sự hấp dẫn như lời đồn?', 'ha_giang_mua_lua_chin_1_1649845077.jpg', 'Nhắc đến các cảnh đẹp của mảnh đất địa đầu Tổ Quốc, nhiều người sẽ nghĩ ngay đến Hà Giang mùa lúa chín. Và không ít người sẽ đưa ra thắc mắc, mùa lúa chín ở đây khác biệt gì so với những nơi khác? Đây có thực sự là một điểm hấp dẫn và lôi cuốn của mảnh đất này hay không? Bài viết dưới đây sẽ giúp bạn tìm được câu trả lời thỏa đáng nhất.', '<p><strong>Thời điểm du lịch Hà Giang mùa lúa chín</strong></p>\r\n\r\n<p><strong><img alt=\"\" src=\"https://motogo.vn/wp-content/uploads/2021/03/ha-giang-mua-lua-chin-1.jpg\" style=\"height:867px; width:1300px\" /></strong></p>\r\n\r\n<p>Nhìn những thửa ruộng bậc thang trùng trùng điệp điệp ở Hà Giang được phủ một màu vàng óng trông mướt mát và rất đẹp mắt. Chắc chắn với những người yêu du lịch hoặc yêu thích những cảnh đẹp tự nhiên sẽ không thể kìm lòng được.</p>\r\n\r\n<p>Nếu bạn muốn chiêm ngưỡng cảnh đẹp của Hà Giang vào mùa lúa chín. Bạn có thể lên lịch trình và đến đây vào khoảng từ tháng 9 – tháng 10 dương lịch. Lúc này, quanh cảnh ở đây được bao phủ bằng một màu vàng tươi óng ánh.</p>\r\n\r\n<p>Đến đây vào thời điểm mùa lúa chín, bạn không chỉ được chiêm ngưỡng cảnh đẹp của đồng lúa. Mà bạn còn được hít hà hương thơm và vị ngọt ngào của lúa chín.</p>\r\n\r\n<h2><strong>Phương tiện đi đến Hà Giang</strong></h2>\r\n\r\n<p>Bạn sẽ có rất nhiều lựa chọn về phương tiện để di chuyển đến Hà Giang. Tùy theo điều kiện và vị trí xuất phát, mà bạn lựa chọn một phương tiện phù hợp nhất. Thông thường mọi người sẽ lựa chọn xe máy hoặc xe khách để di chuyển lên mảnh đất cực Bắc này.</p>\r\n\r\n<h3><strong>Xe máy</strong></h3>\r\n\r\n<p><strong><img alt=\"\" src=\"https://motogo.vn/wp-content/uploads/2021/03/ha-giang-mua-lua-chin-2.jpg\" style=\"height:682px; width:1300px\" /></strong></p>\r\n\r\n<p>&nbsp;</p>\r\n\r\n<p>Khoảng cách giữa Hà Giang và Hà Nội khoảng 300km. Cung đường di chuyển có nhiều đoạn rất khó khăn, hiểm trở, không thiếu những đoạn đường nhỏ hẹp, quanh co men theo sườn núi. Những cung đường khó khăn này sẽ rất ít xe cộ đi lại. Đây chính là lý do mà nhiều phượt thủ&nbsp; lựa chọn xe máy để đi đến Hà Giang.</p>\r\n\r\n<p>Nếu bạn từ xa đến Hà Nội nhưng vẫn muốn thử cảm giác&nbsp;<a href=\"https://motogo.vn/phuot-ha-giang/\"><em><strong>“phượt Hà Giang”</strong>&nbsp;</em></a>chân thực, bạn có thể thuê xe máy. Mình bay từ Sài Gòn ra, sau khi cân nhắc đã lựa chọn<strong>&nbsp;MOTOGO – Dịch vụ thuê xe máy Hà Nội chuyên nghiệp.&nbsp;</strong>Dịch vụ ở đây chất lượng thực sự, xe mới 100% và đội ngũ nhân viên tư vấn nhiệt tình, chu đáo.</p>\r\n\r\n<p><img alt=\"\" src=\"https://motogo.vn/wp-content/uploads/2021/01/thue-xe-may-theo-thang-tai-ha-noi-3.jpg\" style=\"height:787px; width:1300px\" /></p>\r\n\r\n<h3><strong>Xe khách</strong></h3>\r\n\r\n<p>Xe khách có tuyến chạy từ Hà Nội lên Hà Giang Giang có rất nhiều. Bạn có thể tìm kiếm và lựa chọn xe khách di chuyển lên Hà Giang tại bến xe Mỹ Đình. Thông thường để tiết kiệm thời gian di chuyển và có nhiều thời gian vui chơi ở mảnh đất cực Bắc này. Mọi người lựa chọn đi xe khách chạy tuyến đêm.</p>\r\n\r\n<p>Nếu bạn muốn khám phá Hà Giang bằng xe máy, nhưng không muốn di chuyển đường xa bằng xe máy. Thì bạn có thể đi xe khách và sử dụng&nbsp;<strong>dịch vụ thuê xe máy tại Hà Giang</strong>. Sẽ rất tiện lợi và tiết kiệm thời gian, công sức cho bạn.</p>\r\n\r\n<p>Với những người không ở Hà Nội, bạn có thể di chuyển bằng xe máy, xe khách hoặc máy bay đến thủ đô. Và từ thủ đô bạn lựa chọn một trong hai phương tiện kể trên để di chuyển lên Hà Giang.</p>\r\n\r\n<h2><strong>Nơi ăn nghỉ ở Hà Giang</strong></h2>\r\n\r\n<p><strong><img alt=\"\" src=\"https://motogo.vn/wp-content/uploads/2021/03/ha-giang-mua-lua-chin-3.jpg\" style=\"height:975px; width:1300px\" /></strong></p>\r\n\r\n<p>Hà Giang là một địa điểm du lịch nổi tiếng của nước ta. Vì vậy, các dịch vụ phục vụ cho du lịch ở đây cũng rất phát triển. Khi đến đây du lịch, bạn sẽ không phải lo lắng về việc tìm nơi ăn, chốn ở.</p>\r\n\r\n<p>Tại đây có rất nhiều nhà nghỉ, khách sạn, homestay để bạn lựa chọn. Tùy theo điều kiện, yêu cầu và sở thích của bản thân mà bạn lựa chọn một địa điểm lưu trú phù hợp. Theo&nbsp;<a href=\"https://motogo.vn/kinh-nghiem-du-lich-ha-giang/\" rel=\"noopener\" target=\"_blank\"><strong>kinh nghiệm du lịch Hà Giang</strong></a>&nbsp;của mọi người. Nếu bạn đi ngắm lúa chín, bạn nên chọn các địa điểm lưu trú ở thị trấn Đồng Văn. Từ địa điểm này, bạn sẽ rất dễ di chuyển đến các địa điểm ngắm lúa chín nổi tiếng ở vùng đất cực Bắc.</p>\r\n\r\n<p>Một số khách sạn, nhà nghỉ và homestay mà bạn có thể lựa chọn như: Bụi homestay, Chúng Pủa, homestay Bản Châng, Dao Lodge, nhà nghỉ Thiên Hương, nhà nghỉ Coffee phố cổ Đồng Văn, khách sạn Cao Nguyên Đá,…</p>\r\n\r\n<h2><strong>Địa điểm tuyệt đẹp để ngắm lúa chín tại Hà Giang</strong></h2>\r\n\r\n<p>Hà Giang mùa lúa chín rộ trên khắp cả tỉnh chứ không riêng gì một địa chỉ nào. Song để có thể ngắm trọn vẹn vẻ đẹp của vùng đất này khi vào mùa lúa chín. Bạn nên biết được những địa điểm lý tưởng nhất để chiêm ngưỡng cảnh đẹp của các thửa ruộng bậc thang khi vào mùa. Dưới đây là một số địa điểm được dân phượt đánh giá rất cao.</p>\r\n\r\n<h3><strong>Hoàng Su Phì</strong></h3>\r\n\r\n<p><strong><img alt=\"\" src=\"https://motogo.vn/wp-content/uploads/2021/03/ha-giang-mua-lua-chin-4.jpg\" style=\"height:619px; width:1100px\" /></strong></p>\r\n\r\n<p>Chỉ cách thành phố Hà Giang khoảng 80km, Hoàng Su Phì được xem là một địa điểm tuyệt đẹp để ngắm lúa chín. Nơi đây sở hữu một cảnh quan hoang sơ, gần gũi với rất nhiều các di tích, di sản xếp hạng quốc qua. Đến đây bạn sẽ thấy những thửa ruộng bậc thang vào mùa lúa chín nhìn đẹp như tranh vẽ.</p>\r\n\r\n<p>Ở Hoàng Su Phì đâu đâu cũng có ruộng bậc thang. Song ruộng bậc thang đẹp nhất vẫn là ở các bản: bản Luốc, bản Phùng, bản Nậm Ty, bản Thông Nguyên, bản Sán Sả Hồ. Chính những bông lúa chín màu vàng óng trên các thửa ruộng đã tô điểm thêm cho cảnh quan nơi đây. Đến với địa danh này, bạn không chỉ được ngắm nhìn các thửa ruộng lúa chín, mà còn được thưởng thức các món ăn đặc sản. Đặc sắc nhất phải kể đến là món thịt chuột.</p>\r\n\r\n<h3><strong>Cột cờ Lũng Cú</strong></h3>\r\n\r\n<p>Nhắc đến các địa điểm chiêm ngắm lúa chín lý tưởng ở Hà Giang, thì không thể không nhắc đến cột cờ Lũng Cú. Với độ cao sở hữu, từ vị trí cột cờ, bạn có thể nhìn được toàn bộ khung cảnh thiên nhiên ở xung quanh. Và tất nhiên khung cảnh đó sẽ có những thửa ruộng bậc thang lúa đang chín vàng óng.</p>\r\n\r\n<h3><strong>Đỉnh Tây Côn Lĩnh</strong></h3>\r\n\r\n<p><strong><img alt=\"\" src=\"https://motogo.vn/wp-content/uploads/2021/03/ha-giang-mua-lua-chin-5.jpg\" style=\"height:798px; width:1200px\" /></strong></p>\r\n\r\n<p>Ngoài hai địa điểm kể trên, thì đỉnh Tây Côn Lĩnh cũng là một địa điểm tuyệt vời để ngắm những thửa ruộng bậc thang tại Hà Giang khi vào mùa lúa chín. Không gian bao la bát ngát ở Tây Côn Lĩnh được điểm tô với màu vàng của lúa chín sẽ đem lại cho bạn một trải nghiệm thật đáng nhớ.</p>\r\n\r\n<h3><strong>Cao nguyên đá Đồng Văn</strong></h3>\r\n\r\n<p>Đến địa danh này bạn không chỉ được chiêm ngưỡng những mỏm đá với hình thù khác biệt. Mà bạn còn được nhìn ngắm những cánh đồng được dát một màu vàng ươm khi vào mùa lúa chín.</p>\r\n\r\n<h3><strong>Đèo Mã Pí Lèng</strong></h3>\r\n\r\n<p><strong><img alt=\"\" src=\"https://motogo.vn/wp-content/uploads/2021/03/ha-giang-mua-lua-chin-6.jpg\" style=\"height:512px; width:768px\" /></strong></p>\r\n\r\n<p>Cung đường đèo này lọt vào tứ đại đường đèo nổi tiếng của miền Bắc. Đến đây bạn sẽ được thử sức khả năng lái xe của mình, chiêm ngưỡm cảnh sắc hùng vĩ và hoang sơ của thiên nhiên. Đặc biệt là ngắm nhìn những ruộng lúa chín vàng ươm. Một trải nghiệm vô cùng tuyệt vời.</p>\r\n\r\n<h3><strong>Núi đôi Quản Bạ</strong></h3>\r\n\r\n<p>Chỉ cách thành phố Hà Giang khoảng 46km, đến với núi đôi Quản Bạ. Bạn sẽ được chiêm ngưỡng sự tròn trịa và hấp dẫn của núi đôi. Đồng thời, bạn sẽ nhìn thấy được một bức tranh vô cùng ấm áp của nơi đây khi vào mùa lúa chín.</p>\r\n\r\n<h3><strong>Thung lũng Sủng Là</strong></h3>\r\n\r\n<p><strong><img alt=\"\" src=\"https://motogo.vn/wp-content/uploads/2021/03/ha-giang-mua-lua-chin-7.jpg\" style=\"height:730px; width:1100px\" /></strong></p>\r\n\r\n<p>Cảnh quan nơi thung lũng này rất mộc mạc và hoang sơ. Đây là nơi sinh sống của 36 hộ gia đình thuộc dân tộc Mông và dân tộc Hán. Đến đây vào mùa lúa chín, bạn sẽ thấy được rõ nét cuộc sống của người dân “bán mặt cho đất, bán lưng cho trời”. Không chỉ nổi tiếng là nơi hoàn hảo để ngắm lúa chín. Nơi đây còn nổi tiếng với những vườn hoa khoe sắc cực đẹp.</p>\r\n\r\n<h2><strong>Lưu ý khi du lịch Hà Giang mùa lúa chín</strong></h2>\r\n\r\n<p>Tất cả chúng ta đều mong muốn có một chuyến đi trọn vẹn, ý nghĩa và vui vẻ nhất. Vì vậy, để thực hiện được mong muốn đó khi&nbsp;<strong>phượt Hà Giang vào mùa lúa chín</strong>, bạn cần lưu ý đến một số yếu tố sau:</p>\r\n\r\n<h3><strong>Trang phục</strong></h3>\r\n\r\n<p>Thời điểm mùa lúa chín đang vào cuối thu và đầu đông. Khi đi bạn cần chuẩn bị thêm áo khoác, áo ấm, giày déo và găng tay để giữ ấm. Bạn cũng nên biết rằng, vùng đồi núi nhiệt độ vào ban đêm giảm khá sâu. Việc chuẩn bị quần áo ấm sẽ giúp bạn bảo vệ sức khỏe của bản thân.</p>\r\n\r\n<h3><strong>Máy ảnh</strong></h3>\r\n\r\n<p>Du lịch ngoài việc tham quan, khám phá và tìm hiểu về vùng đất địa đầu Tổ Quốc. Bạn còn muốn lưu giữ lại những bức ảnh làm kỉ niệm. Vì vậy, để có được những bức ảnh đẹp và đáng nhớ nhất, bạn nên chuẩn bị một chiếc máy ảnh mang theo. Đảm bảo pin sạc và thông số kỹ thuật của máy phù hợp.</p>\r\n\r\n<h3><strong>Tránh đi vào cuối tuần</strong></h3>\r\n\r\n<p><strong><img alt=\"\" src=\"https://motogo.vn/wp-content/uploads/2021/03/ha-giang-mua-lua-chin-8.jpg\" style=\"height:494px; width:1100px\" /></strong></p>\r\n\r\n<p>Vào mùa du lịch, không thể tránh được tình trạng chen chúc hoặc đông đúc. Để đảm bảo có một trải nghiệm tốt nhất, bạn nên tránh đi vào cuối tuần. Bạn nên cố gắng sắp xếp đi vào các ngày trong tuần.</p>\r\n\r\n<h3><strong>Đặt các dịch vụ từ trước</strong></h3>\r\n\r\n<p>Để đảm bảo không làm ảnh hưởng đến lịch trình du lịch Hà Giang. Bạn nên đặt các dịch vụ từ trước. Bởi đây là địa điểm du lịch thu hút rất đông khách.</p>\r\n\r\n<h3><strong>Chuẩn bị và kiểm tra xe máy thật kỹ</strong></h3>\r\n\r\n<p>Nếu lựa chọn đi xe máy, bạn nên chuẩn bị một chiếc xe thật tốt. Đảm bảo được khả năng hoạt động ổn định, phù hợp với đi đường đồi núi. Đặc biệt là chắc chắn về khả năng lái xe của bản thân.</p>\r\n\r\n<p>Đi Hà Giang mùa lúa chín vàng hay bất kì thời điểm nào, bạn cũng cần phải có sự chuẩn bị. Với những thông tin bài viết chia sẻ, bạn hoàn toàn có thể tự tin xách va li và lên đường.</p>', 0, '2018-11-27 22:07:38', '2022-04-13 17:17:57');
INSERT INTO `news` VALUES (8, 'Tháng 7 đi ‘trốn nóng’ cực chất ở Sapa', 'img_5663_1649845406.jpg', 'Khi cái nắng miền Bắc đang thiêu đốt các thành phố, thì ở nơi núi rừng Sa Pa thơ mộng, những chuyến đi \"mát lạnh như kem\" và đủ các trải nghiệm độc đáo lại đang khiến dân tình ngây ngất.', '<p>Ưu đãi hàng loạt</p>\r\n\r\n<p>Khỏi phải nói, các chương trình khuyến mãi luôn có sức hấp dẫn đặc biệt. Sa Pa thậm chí không chỉ đi đầu mà còn chơi lớn hơn nhiều tỉnh thành khác, khi hàng chục doanh nghiệp trong lĩnh vực du lịch, lưu trú, vận chuyển đồng loạt giảm giá từ 15-50%.</p>\r\n\r\n<p>Nhiều gói combo hấp dẫn với hành trình trải nghiệm Sa Pa trọn gói cũng được các nhà cung cấp ở đây bắt tay mang tới cho khách hàng, khiến Sa Pa vốn đã được yêu thích nay còn hút khách hơn, đáng đi hơn.</p>\r\n\r\n<p><img alt=\"\" src=\"https://vnn-imgs-f.vgcloud.vn/2020/07/27/09/img-5667.jpg\" style=\"height:748px; width:1300px\" /></p>\r\n\r\n<p>Cáp treo Fansipan - trải nghiệm \"phải thử\" khi đến Sa Pa cũng đang có chương trình tặng buffet trưa trị giá 200.000 đồng cho du khách mua vé cáp treo các ngày trong tuần từ Thứ 2 đến Thứ 6. Riêng thứ 7 và Chủ nhật, khách mua vé buffet trưa sẽ được tặng kèm vé khứ hồi tàu hoả leo núi Mường Hoa trị giá 100.000 đồng.</p>\r\n\r\n<p>Thời tiết mát như mùa thu</p>\r\n\r\n<p>Đến Sa Pa là đến một thế giới khác. Một xứ sở quanh năm mây trắng bềnh bồng theo triền núi, sương mù phủ lãng đãng trên những con đường quanh co màu tháng năm dưới thị xã, và váy xòe hoa xúng xính khắp nơi, như thực, như mơ.</p>\r\n\r\n<p><img alt=\"\" src=\"https://vnn-imgs-f.vgcloud.vn/2020/07/27/09/img-5663.jpg\" style=\"height:743px; width:1300px\" /></p>\r\n\r\n<p style=\"text-align:center\"><em>Thị xã Sa Pa. Ảnh: Lê Việt Khánh</em></p>\r\n\r\n<p>Trong khi Hà Nội, Hải Phòng và ngay cả ở thành phố Lào Cai nắng như đổ lửa, thì Sa Pa vẫn trong lành mát lịm. Thậm chí, bạn còn được mặc áo khoác khi lên đỉnh Fansipan. Trốn nóng giữa thiên nhiên mướt xanh, hoa đủ sắc màu và tự thưởng cho mình những tối tản bộ, nhấm nháp đủ loại đồ nướng thơm lừng hay nồi lẩu cá hồi tươi ngon, còn gì bình yên hơn thế.</p>\r\n\r\n<p>Lễ hội tưng bừng chưa từng có</p>\r\n\r\n<p><img alt=\"\" src=\"https://vnn-imgs-f.vgcloud.vn/2020/07/27/09/img-5664.jpg\" style=\"height:975px; width:1300px\" /></p>\r\n\r\n<p>Đỉnh hơn cả là Sa Pa đang có lễ hội đậm chất Tây Bắc. Giải đua \"Vó ngựa trên mây\" được tổ chức tại Sun World Fansipan Legend đến 26/7/2020 với quy mô lớn nhất từ trước đến nay là sự kiện có một không hai mà bạn không nên bỏ lỡ.</p>\r\n\r\n<p>Bạn chỉ cần đi tàu hỏa leo núi Mường Hoa (giá 100.000 đồng khứ hồi) từ Sun Plaza tại trung tâm thị trấn, hoặc đi bằng phương tiện cá nhân theo đường bộ (sẽ lâu hơn và đường hơi khó đi, bụi) đến khu du lịch Sun World Fansipan Legend để xem giải đua miễn phí.</p>\r\n\r\n<p>30 “kỵ sỹ” đến từ 5 địa phương gồm Bắc Hà, Simacai, Sơn La, Lai Châu và Tuyên Quang sẽ mang tới cho bạn những pha biểu diễn ngoạn mục, những màn tranh tài gay cấn trên cung đường đua thơ mộng chưa từng có, ngay giữa \"thung lũng hoa hồng lớn nhất Việt Nam\", một trải nghiệm không thể có ở bất cứ đâu. Không chỉ thế, các \"tuấn mã\" Tây Bắc còn rất sẵn lòng để bạn \"thử làm kị sĩ\" trên lưng hoặc chụp ảnh cùng sau hiệp đua.</p>\r\n\r\n<p>Điểm check-in và nghỉ dưỡng vạn người mê</p>\r\n\r\n<p>Sa Pa là điểm check-in vạn người mê. Dù bạn theo phong cách trẻ trung tự nhiên, retro hay sang chảnh, thì \"trường quay\" Sa Pa cũng đáp ứng được hết.</p>\r\n\r\n<p>Bạn vừa có thể đi tung tăng khắp nơi khám phá, vừa dừng lại bấm máy và trở về với một bộ ảnh tuyệt đẹp. Trước cửa Sun Plaza, với tàu hỏa leo núi Mường Hoa hay thậm chí chỉ là một góc đường trong hoàng hôn, cũng đủ đáp ứng cả tận hưởng lẫn sống ảo.</p>\r\n\r\n<p><img alt=\"\" src=\"https://vnn-imgs-f.vgcloud.vn/2020/07/27/09/img-5665.jpg\" style=\"height:960px; width:1280px\" /></p>\r\n\r\n<p>Còn nếu muốn thật \"phiêu\", đừng quên đồi hoa tím thủy chung, thung lũng hoa hồng lớn nhất Việt Nam ở cùng khuôn viên nơi tổ chức giải đua \"Vó ngựa trên mây\".</p>\r\n\r\n<p>Nếu thích sang chảnh, khách sạn 5 sao quốc tế Hotel de la Coupole, MGallery vừa là nơi nghỉ dưỡng hạng sang với đầy đủ các tiện ích và trải nghiệm quốc tế đáng mơ ước, lại vừa là nơi \"đứng vào là đẹp\". Hàng nghìn kiểu ảnh chất lừ đã được thực hiện ở nơi đây, từ các bạn trẻ cho tới những người mẫu chuyên nghiệp.</p>\r\n\r\n<p><img alt=\"\" src=\"https://vnn-imgs-f.vgcloud.vn/2020/07/27/09/img-5666.jpg\" style=\"height:800px; width:1200px\" /></p>\r\n\r\n<p style=\"text-align:center\"><em>Hotel de la Coupole, Mgallery. Ảnh: Lê Việt Khánh</em></p>\r\n\r\n<p>Trong khi đó, rất nhiều homestay chất lượng ở xa thị xã một chút sẽ cho bạn trải nghiệm thiên nhiên hoang sơ và những tấm hình tuyệt đẹp. Nếu muốn tận hưởng trung tâm Sa Pa nhiều hơn, các khách sạn ngay trong thị xã với nhiều mức giá hợp lý, lại đang ưu đãi, luôn sẵn sàng rộng cửa đón bạn.</p>\r\n\r\n<p>Doãn Phong</p>', 0, '2018-11-27 22:07:46', '2022-04-13 17:23:26');
INSERT INTO `news` VALUES (9, 'sadsasadsa', '5.jpg', 'dsaadsadsa', '<p>sadsadsadsa</p>', 0, '2018-11-27 22:07:55', '2018-11-27 22:07:55');
INSERT INTO `news` VALUES (10, 'dsadsasa', '6.jpg', 'sadsadsadsa', '<p>dsadsadsadsadsad</p>', 0, '2018-11-27 22:08:03', '2018-11-27 22:08:03');
INSERT INTO `news` VALUES (11, 'sdsadsadsa', '1.jpg', 'sadadsadsa', '<p>dssadsadsadsadsadsadsad</p>', 0, '2018-11-27 22:08:13', '2018-11-27 22:08:13');
INSERT INTO `news` VALUES (12, 'dsaddddddddddddddddd', '16.jpg', 'asdsasa', '<p>dsadsasasa</p>', 0, '2018-11-27 22:08:21', '2018-11-27 22:08:21');
INSERT INTO `news` VALUES (13, 'adssadassa', '20.jpg', 'adssasadsadq123213', '<p>asdsadsadsda</p>', 0, '2018-11-27 22:08:29', '2018-11-27 22:08:29');
INSERT INTO `news` VALUES (14, 'dasdasdsa', '5.jpg', 'adssadsas', '<p>sdsadsadsad</p>', 0, '2018-11-27 22:08:36', '2018-11-27 22:08:36');
INSERT INTO `news` VALUES (15, 'sadsadadddddddddddd', '7.jpg', 'sdsadsadsa', '<p>sdsadsadsadsa</p>', 0, '2018-11-27 22:08:44', '2018-11-27 22:08:44');
INSERT INTO `news` VALUES (16, 'test', '5.jpg', '2321321313dsadadsa', '<p>sdsadsadsadsa</p>', 0, '2018-11-29 21:14:13', '2018-11-29 21:14:13');
INSERT INTO `news` VALUES (17, 'Đà Lạt – Thiên đường du lịch nghỉ dưỡng của Việt Nam', 'canh-dep-da-lat.jpg', 'Đà Lạt là một thành phố trực thuộc tỉnh và tỉnh lị tỉnh Lâm Đồng, nằm trên cao nguyên Lâm Viên, ở độ cao 1.500 m so với mặt nước biển và diện tích tự nhiên: 393,29 km².Với nhiều cảnh quan đẹp, Đà Lạt là một trong những thành phố du lịch nổi tiếng nhất của Việt Nam. Trong thời Pháp thuộc, tên tiếng Latin Dat Aliis Laetitiam Aliis Temperiem có nghĩa là “cho những người này niềm vui, cho những người khác sự mát mẻ”. Đà Lạt được mệnh danh là : thành phố hoa, thành phố tình yêu, thành phố mùa xuân, thành phố sương mù.', '<p><strong>1. Giới thiệu:</strong><br />\r\nĐà Lạt là một thành phố trực thuộc tỉnh và tỉnh lị tỉnh Lâm Đồng, nằm trên cao nguyên Lâm Viên, ở độ cao 1.500 m so với mặt nước biển và diện tích tự nhiên: 393,29 km².<br />\r\nVới nhiều cảnh quan đẹp, Đà Lạt là một trong những thành phố du lịch nổi tiếng nhất của Việt Nam. Trong thời Pháp thuộc, tên tiếng Latin Dat Aliis Laetitiam Aliis Temperiem có nghĩa là “cho những người này niềm vui, cho những người khác sự mát mẻ”. Đà Lạt được mệnh danh là : thành phố hoa, thành phố tình yêu, thành phố mùa xuân, thành phố sương mù.</p>\r\n\r\n<p><img alt=\"\" src=\"https://www.dalattrip.com/dulich/media/2017/12/thanh-pho-da-lat.jpg\" style=\"height:591px; width:739px\" /></p>\r\n\r\n<p><strong>2. Vị trí địa lý:</strong></p>\r\n\r\n<p>Thành phố Đà Lạt nằm trong cao nguyên Lang Biang, phía Bắc tỉnh Lâm Đồng, Về phía Bắc, Đà Lạt giáp với huyện Lạc Dương, về phía Đông và Đông Nam giáp với huyện Đơn Dương, về phía Tây và Tây Nam giáp với hai huyện Lâm Hà và Đức Trọng.<br />\r\nHàng trăm năm trước đây, Đà Lạt là địa bàn cư trú của người Lạch, vốn là cư dân của toàn bộ cao nguyên Lang Biang. Đà Lạt có diện tích hơn 400 km², bao bọc bởi các đỉnh núi cao và dãy núi liên tiếp:</p>\r\n\r\n<p>a/ Phía Bắc và Tây Bắc giới hạn bởi dãy Chorơmui, Yộ Đa Myut (1.816 m), Tây Bắc dựa vào chân dãy núi Chư Yang Kae (1.921 m), thuộc quần sơn Lang Biang mà đỉnh cao nhất là Chư Yang Sinh (1.408 m).<br />\r\nb/ Phía Đông là chân dãy núi Bi Doup (2.278 m) dốc xuống cao nguyên Dran.<br />\r\nc/ Phía Đông Nam chắn bởi dãy Cho Proline (1.629 m).<br />\r\nd/ Phía Nam và Tây Nam có dãy núi Voi (1.754 m) và Yàng Sơreng bao bọc. Địa hình: Cao trung bình so với mặt biển là 1.500 m. Nơi cao nhất trong trung tâm thành phố là Nhà Bảo Tàng (1.532 m), nơi thấp nhất là thung lũng Nguyễn Tri Phương (1.398,2 m).</p>\r\n\r\n<p>Bên trong cao nguyên, địa hình Đà Lạt phân thành hai bậc rõ rệt:<br />\r\n+ Bậc địa hình thấp là vùng trung tâm có dạng như một lòng chảo bao gồm các dãy đồi đỉnh tròn, dốc thoải có độ cao tương đối 25-100 m, lượn sóng nhấp nhô, độ phân cắt yếu, độ cao trung bình khoảng 1.500 m.<br />\r\n+ Bao quanh khu vực lòng chảo này là các đỉnh núi với độ cao khoảng 1.700 m tạo thành vành đai che chắn gió cho vùng trung tâm. Phía Đông Bắc có hai núi thấp: hòn Ông (Láp Bê Bắc 1.738 m) và hòn Bộ (Láp Bê Nam 1.709 m). Ở phía Bắc, ngự trị cao nguyên Lang Biang là dãy núi Bà (Lang Biang) hùng vĩ, cao 2.169 m, kéo dài theo trục Đông Bắc – Tây Nam từ suối Đa Sar (đổ vào Đa Nhim) đến Đa Me (đổ vào Đạ Đờng). Phía Đông án ngữ bởi dãy núi đỉnh Gió Hú (1.644 m). Về phía Tây Nam, các dãy núi hướng vào Tà Nung giữa dãy Yàng Sơreng mà các đỉnh cao tiêu biểu là Pin Hatt (1.691 m) và You Lou Rouet (1.632 m).</p>\r\n\r\n<p>Bên ngoài cao nguyên là các dốc núi từ hơn 1.700 m đột ngột đổ xuống các cao nguyên bên dưới có độ cao từ 700 m đến 900 m.</p>\r\n\r\n<p>Khí hậu: Do ảnh hưởng của độ cao và rừng thông bao bọc, Đà Lạt mang nhiều đặc tính của miền ôn đới. Nhiệt độ trung bình 18–21°C, nhiệt độ cao nhất chưa bao giờ quá 30°C và thấp nhất không dưới 5°C.<br />\r\nChính thông Đà Lạt giúp cho Đà Lạt thêm phần mát mẻ</p>\r\n\r\n<p>Đà Lạt có hai mùa rõ rệt. Mùa mưa từ tháng 5 đến tháng 10, mùa nắng từ tháng 11 đến tháng 4. Mùa hè thường có mưa vào buổi chiều, đôi khi có mưa đá.<br />\r\nLượng mưa trung bình năm là 1562 mm và độ ẩm 82%.<br />\r\nĐà Lạt không bao giờ có bão, chỉ có gió lớn do ảnh hưởng bão từ biển thổi vào vì sườn đông không có núi che chắn.</p>\r\n\r\n<p><img alt=\"\" src=\"https://disantrangan.vn/wp-content/uploads/2021/02/du-lich-da-lat-19-700x450.jpg\" style=\"height:759px; width:1024px\" /></p>\r\n\r\n<p><strong>3. Tiềm năng du lịch:</strong></p>\r\n\r\n<p>Được ví như một Tiểu Paris, Đà Lạt từng mộng mơ và nên thơ nhờ cái lạnh cao nguyên ban đêm, sương mù buổi sớm và những dải rừng thông bao quanh thành phố. Không gian này tuy vậy đã phần nào bị mất đi cái chất Pháp trong các kiến trúc biệt thự thiếu chăm sóc hay bị sửa đổi không phù hợp.<br />\r\nDu lịch tuy là một thế mạnh song cũng là yếu tố làm thay đổi Đà Lạt theo hướng đô thị hóa.</p>\r\n\r\n<p>Đồi Cù nằm giữa trung tâm thành phố Đà Lạt nằm kế bên là Hồ Xuân Hương do vậy thường được nhắc đến như một địa danh dính liền nhau – nhiều người cho rằng Đà Lạt sẽ kém phần mỹ lệ nếu thiếu Đồi Cù và hồ Xuân Hương. Năm 1942, khi thiết kế đồ án quy hoạch thành phố Đà Lạt, kiến trúc sư Lagisquet đã khoanh vùng Đồi Cù như một khu vực bất khả xâm phạm nhằm tạo một tầm nhìn thoáng đãng cho Đà Lạt. Về sau, một kiến trúc sư người Anh đã thiết kế biến Đồi Cù thành sân golf 9 lỗ khá nổi tiếng của vùng Đông Nam Á và hiện nay Đồi Cù đã được nâng cấp thành sân golf 18 lỗ. Tên Đồi Cù không rõ có từ bao giờ, và vì sao gọi là “Đồi Cù” lại có hai hướng lý giải, có người cho rằng những quả đồi thoai thoải nơi đây khi nhìn từ xa giống như tấm lưng trần của những con cù khổng lồ nên đã ví von gọi là “Đồi Cù”; cũng có người giải thích sở dĩ có tên “Đồi Cù” vì nơi đây là một địa điểm chơi golf hay còn gọi là đánh cù.</p>\r\n\r\n<p>Hồ Xuân Hương nằm ngay trung tâm thành phố Đà Lạt và bên cạnh Đồi Cù. Hồ thực chất là hồ nhân tạo được xây dựng vào năm 1919 do sáng kiến của Cunhac. Để tạo thành hồ, người ta đắp một cái đập chắn dòng suối chảy qua thung lũng, hồ có diện tích mặt nước rộng 25 ha, chu vi dài 5,1 km. Xung quanh hồ nhiều kiến trúc độc đáo có giá trị nghệ thuật, thẩm mỹ cao được xây dựng như khách sạn Palace, thao trường Lâm Viên, nhà nghỉ Công Đoàn, Nhà hàng Thanh Thủy, Thủy Tạ… Trước kia hồ có tên gọi Grand Lac (hồ lớn). Vào buổi sáng sớm sương mù hiện lên rất đẹp và thơ mộng.</p>\r\n\r\n<p><img alt=\"\" src=\"https://media.istockphoto.com/photos/dawn-in-front-of-temple-gate-with-impressive-colorful-clouds-in-sky-picture-id1248705353?b=1&amp;k=20&amp;m=1248705353&amp;s=170667a&amp;w=0&amp;h=RbKmgVSQt4-IaPn0QiPhIka-xJ3OYrl7W2Ga3l4GkG8=\" style=\"float:left; height:368px; width:550px\" /></p>\r\n\r\n<p>Hồ Suối Vàng là hồ nước ngọt lớn nhất tại Đà Lạt, cung cấp nước sinh hoạt cho thành phố qua đập tràn của công ty cấp nước Đà Lạt. Thung lũng Suối Vàng còn là điểm đến du lịch nổi tiếng với vườn hoa và rừng thông.</p>\r\n\r\n<p>Công viên hoa Đà Lạt nằm quanh trên bờ phía Bắc của hồ Xuân Hương, trên thung lũng của Đồi Cù. Trước đây công viên hoa Đà Lạt có tên là Bích Câu, hiện nay diện tích của công viên hoa được mở rộng tới 7000 m², với cách bố trí thoáng đãng, tạo ấn tượng cho người chợt ghé. Các loại hoa và cây cảnh nổi tiếng của Đà Lạt được trồng tỉa chăm sóc chu đáo, cảnh sắc tươi mát, phong phú bốn mùa. Hàng năm thường tổ chức lễ hội hoa và là thông điệp nhằm mời gọi, thu hút các nhà đầu tư trong nước và nước ngoài phát triển Đà Lạt và các vùng phụ cận trở thành trung tâm sản xuất, xuất khẩu hoa của cả nước và khu vực Đông Nam Á.</p>\r\n\r\n<p>Các điểm tham quan du lịch khác:</p>\r\n\r\n<ul>\r\n	<li>Đỉnh Lang Biang</li>\r\n	<li>Hồ Than Thở</li>\r\n	<li>Thác Cam Ly</li>\r\n	<li>Thác Datanla</li>\r\n	<li>Thác Hang Cọp</li>\r\n	<li>Thác Prenn</li>\r\n	<li>Thác Pongour</li>\r\n	<li>Thung lũng Tình Yêu</li>\r\n	<li>Đồi Mộng Mơ.</li>\r\n	<li>Thung Lũng Vàng (gần Hồ Dan Kia)</li>\r\n	<li>Hồ Tuyền Lâm</li>\r\n	<li>Khu Biệt thự Trần Lệ Xuân&nbsp;</li>\r\n</ul>\r\n\r\n<p><img alt=\"\" src=\"https://mytourcdn.com/upload_images/Image/Location/28_10_2015/Du-lich-da-lat-mua-dong-mytour-1.jpg\" style=\"height:768px; width:1024px\" /></p>\r\n\r\n<p>&nbsp;</p>', 1, '2018-11-30 18:01:04', '2022-04-12 12:51:04');
INSERT INTO `news` VALUES (18, 'Vẻ đẹp đặc biệt của thành phố Hồ Chí Minh được hãng tin BBC hết lời khen ngợi', 'anh ho chi minh.jpg', 'Mới đây, hãng tin BBC đã đăng tải một bài viết giới thiệu về vẻ đẹp đặc biệt của Sài Gòn – một thành phố đáng để đặt chân tới với những trải nghiệm đầy thú vị cùng sự thân thiện từ con người nơi đây.', '<p>Lần đầu đặt ch&acirc;n tới th&agrave;nh phố Hồ Ch&iacute; Minh, hay c&ograve;n được gọi với c&aacute;i t&ecirc;n th&acirc;n mật kh&aacute;c l&agrave; S&agrave;i G&ograve;n, c&oacute; lẽ nhiều du kh&aacute;ch sẽ cảm thấy kh&aacute; sốc trước t&igrave;nh trạng &quot;hỗn loạn&quot; tại khu vực sầm uất nhất Việt Nam.</p>\r\n\r\n<p><img alt=\"\" src=\"/lvtn/public/images/tintuc/files/dalat/HCM/hcm1.jpg\" style=\"height:263px; width:600px\" /></p>\r\n\r\n<p>&quot;Những đ&aacute;m đ&ocirc;ng v&agrave; d&ograve;ng xe cộ hỗn loạn c&oacute; thể khiến cho nhiều du kh&aacute;ch cảm thấy nản l&ograve;ng v&agrave; muốn t&igrave;m tới nơi kh&aacute;c ngay lập tức. Tuy nhi&ecirc;n, đ&oacute; l&agrave; một sai lầm cực k&igrave; lớn.&quot;, anh James Clark, một người Australia sống tại S&agrave;i G&ograve;n từ năm 2012 chia sẻ.</p>\r\n\r\n<p>Mặc d&ugrave; giao th&ocirc;ng ở đ&acirc;y c&oacute; phần đi&ecirc;n rồ, song nếu c&oacute; cơ hội vi vu khắp c&aacute;c con phố nhỏ tr&ecirc;n một chiếc xe m&aacute;y đời cũ n&agrave;o đ&oacute; th&igrave; bạn sẽ thấy mọi chuyện kh&aacute;c xa so với tưởng tượng ban đầu.</p>\r\n\r\n<p>Đa phần c&aacute;c phương tiện đều di chuyển với tốc độ rất chậm, v&agrave; hiếm khi thấy vụ ẩu đả n&agrave;o xảy ra giữa đường lớn.</p>\r\n\r\n<p>B&ecirc;n cạnh sự đ&ocirc;ng đ&uacute;c vốn c&oacute;, S&agrave;i G&ograve;n c&ograve;n mang trong m&igrave;nh n&eacute;t dung dị rất &quot;đời&quot; khiến con người ta chợt cảm thấy y&ecirc;u v&agrave; thấy nhớ mỗi khi phải chia xa.&nbsp;Tất nhi&ecirc;n, bạn cần phải c&oacute; kha kh&aacute; thời gian để hiểu, hay đơn giản hơn l&agrave; để th&iacute;ch với th&agrave;nh phố n&agrave;y.</p>\r\n\r\n<p><img alt=\"\" src=\"/lvtn/public/images/tintuc/files/dalat/HCM/hcm2.jpg\" style=\"height:380px; width:600px\" /></p>\r\n\r\n<p>Anh Baker &ndash; một người Anh định cư ở S&agrave;i G&ograve;n từng n&oacute;i: &quot;Bạn c&oacute; thể kh&aacute;m ph&aacute; được một th&agrave;nh phố với c&aacute; t&iacute;nh ri&ecirc;ng, t&iacute;nh c&aacute;ch ri&ecirc;ng c&ugrave;ng kh&ocirc;ng gian ẩm thực với mức gi&aacute;&nbsp;rẻ nhất h&agrave;nh tinh nếu chịu d&agrave;nh thời gian cho n&oacute;.&quot;</p>\r\n\r\n<p>Ngo&agrave;i ra, con người nơi đ&acirc;y cũng dễ thương lắm. Họ chẳng hề tỏ ra ki&ecirc;u k&igrave; hay kh&oacute; gần như bạn vẫn nghĩ, m&agrave; ngược lại, t&iacute;nh c&aacute;ch th&acirc;n thiện xuất ph&aacute;t từ tấm l&ograve;ng nhiệt th&agrave;nh sẽ khiến du kh&aacute;ch kh&ocirc;ng t&agrave;i n&agrave;o qu&ecirc;n được.</p>\r\n\r\n<p>&quot;C&oacute; dịp v&ograve;ng vo mọi ng&otilde; ng&aacute;ch b&eacute; x&iacute;u dưới c&aacute;i nắng ngọt ng&agrave;o của miền Nam, bạn sẽ thấy lối sống của người d&acirc;n bản xứ tương đối b&igrave;nh thản.&quot;, c&ocirc; Kelsey Cheng (Chicago, Mỹ) cho biết.</p>\r\n\r\n<p>Cũng theo anh Barker, người d&acirc;n S&agrave;i G&ograve;n thường rất thẳng thắn v&agrave; trực tiếp. Đ&acirc;y l&agrave; một n&eacute;t t&iacute;nh c&aacute;ch kh&aacute; kh&aacute;c biệt nếu so s&aacute;nh với sự th&acirc;n thiện thường thấy tại nhiều đất nước kh&aacute;c, v&iacute; dụ như Th&aacute;i Lan chẳng hạn.</p>\r\n\r\n<p><img alt=\"\" src=\"/lvtn/public/images/tintuc/files/dalat/HCM/hcm3.jpeg\" style=\"height:346px; width:600px\" /></p>\r\n\r\n<p>Lần đầu đặt ch&acirc;n tới th&agrave;nh phố Hồ Ch&iacute; Minh, hay c&ograve;n được gọi với c&aacute;i t&ecirc;n th&acirc;n mật kh&aacute;c l&agrave; S&agrave;i G&ograve;n, c&oacute; lẽ nhiều du kh&aacute;ch sẽ cảm thấy kh&aacute; sốc trước t&igrave;nh trạng &quot;hỗn loạn&quot; tại khu vực sầm uất nhất Việt Nam.</p>\r\n\r\n<p><a href=\"https://kenh14cdn.com/2017/1-1490678261402.jpg\" target=\"_blank\"><img alt=\"Vẻ đẹp đặc biệt của thành phố Hồ Chí Minh được hãng tin BBC hết lời khen ngợi - Ảnh 1.\" src=\"https://kenh14cdn.com/2017/1-1490678261402.jpg\" /></a></p>\r\n\r\n<p>Th&agrave;nh phố Hồ Ch&iacute; Minh l&agrave; điểm đến l&yacute; tưởng của rất nhiều du kh&aacute;ch trong v&agrave; ngo&agrave;i nước.</p>\r\n\r\n<p>&quot;Những đ&aacute;m đ&ocirc;ng v&agrave; d&ograve;ng xe cộ hỗn loạn c&oacute; thể khiến cho nhiều du kh&aacute;ch cảm thấy nản l&ograve;ng v&agrave; muốn t&igrave;m tới nơi kh&aacute;c ngay lập tức. Tuy nhi&ecirc;n, đ&oacute; l&agrave; một sai lầm cực k&igrave; lớn.&quot;, anh James Clark, một người Australia sống tại S&agrave;i G&ograve;n từ năm 2012 chia sẻ.</p>\r\n\r\n<p>Mặc d&ugrave; giao th&ocirc;ng ở đ&acirc;y c&oacute; phần đi&ecirc;n rồ, song nếu c&oacute; cơ hội vi vu khắp c&aacute;c con phố nhỏ tr&ecirc;n một chiếc xe m&aacute;y đời cũ n&agrave;o đ&oacute; th&igrave; bạn sẽ thấy mọi chuyện kh&aacute;c xa so với tưởng tượng ban đầu.</p>\r\n\r\n<p>Đa phần c&aacute;c phương tiện đều di chuyển với tốc độ rất chậm, v&agrave; hiếm khi thấy vụ ẩu đả n&agrave;o xảy ra giữa đường lớn.</p>\r\n\r\n<p>B&ecirc;n cạnh sự đ&ocirc;ng đ&uacute;c vốn c&oacute;, S&agrave;i G&ograve;n c&ograve;n mang trong m&igrave;nh n&eacute;t dung dị rất &quot;đời&quot; khiến con người ta chợt cảm thấy y&ecirc;u v&agrave; thấy nhớ mỗi khi phải chia xa.&nbsp;Tất nhi&ecirc;n, bạn cần phải c&oacute; kha kh&aacute; thời gian để hiểu, hay đơn giản hơn l&agrave; để th&iacute;ch với th&agrave;nh phố n&agrave;y.</p>\r\n\r\n<p><a href=\"https://kenh14cdn.com/2017/2-1490678261403.jpg\" target=\"_blank\"><img alt=\"Vẻ đẹp đặc biệt của thành phố Hồ Chí Minh được hãng tin BBC hết lời khen ngợi - Ảnh 2.\" src=\"https://kenh14cdn.com/2017/2-1490678261403.jpg\" /></a></p>\r\n\r\n<p>Tại nhiều thời điểm, đường phố nơi đ&acirc;y bỗng trở n&ecirc;n b&igrave;nh y&ecirc;n đến lạ.</p>\r\n\r\n<p>Anh Baker &ndash; một người Anh định cư ở S&agrave;i G&ograve;n từng n&oacute;i: &quot;Bạn c&oacute; thể kh&aacute;m ph&aacute; được một th&agrave;nh phố với c&aacute; t&iacute;nh ri&ecirc;ng, t&iacute;nh c&aacute;ch ri&ecirc;ng c&ugrave;ng kh&ocirc;ng gian ẩm thực với mức gi&aacute;&nbsp;rẻ nhất h&agrave;nh tinh nếu chịu d&agrave;nh thời gian cho n&oacute;.&quot;</p>\r\n\r\n<p>Ngo&agrave;i ra, con người nơi đ&acirc;y cũng dễ thương lắm. Họ chẳng hề tỏ ra ki&ecirc;u k&igrave; hay kh&oacute; gần như bạn vẫn nghĩ, m&agrave; ngược lại, t&iacute;nh c&aacute;ch th&acirc;n thiện xuất ph&aacute;t từ tấm l&ograve;ng nhiệt th&agrave;nh sẽ khiến du kh&aacute;ch kh&ocirc;ng t&agrave;i n&agrave;o qu&ecirc;n được.</p>\r\n\r\n<p>&quot;C&oacute; dịp v&ograve;ng vo mọi ng&otilde; ng&aacute;ch b&eacute; x&iacute;u dưới c&aacute;i nắng ngọt ng&agrave;o của miền Nam, bạn sẽ thấy lối sống của người d&acirc;n bản xứ tương đối b&igrave;nh thản.&quot;, c&ocirc; Kelsey Cheng (Chicago, Mỹ) cho biết.</p>\r\n\r\n<p>Cũng theo anh Barker, người d&acirc;n S&agrave;i G&ograve;n thường rất thẳng thắn v&agrave; trực tiếp. Đ&acirc;y l&agrave; một n&eacute;t t&iacute;nh c&aacute;ch kh&aacute; kh&aacute;c biệt nếu so s&aacute;nh với sự th&acirc;n thiện thường thấy tại nhiều đất nước kh&aacute;c, v&iacute; dụ như Th&aacute;i Lan chẳng hạn.</p>\r\n\r\n<p><a href=\"https://kenh14cdn.com/2017/3-1490678261405.jpeg\" target=\"_blank\"><img alt=\"Vẻ đẹp đặc biệt của thành phố Hồ Chí Minh được hãng tin BBC hết lời khen ngợi - Ảnh 3.\" src=\"https://kenh14cdn.com/2017/3-1490678261405.jpeg\" /></a></p>\r\n\r\n<p>S&agrave;i G&ograve;n về đ&ecirc;m với &aacute;nh đ&egrave;n lung linh hắt ra từ những t&ograve;a nh&agrave; cao ốc hiện đại.</p>\r\n\r\n<p>Mặc d&ugrave; một số &iacute;t sẽ cảm thấy h&agrave;nh động đ&oacute; kh&aacute; v&ocirc; duy&ecirc;n, song những người d&acirc;n đang sinh sống tại đ&acirc;y lại nghĩ rằng: &quot;Nhờ vậy m&agrave; ch&uacute;ng tui c&oacute; thể dễ d&agrave;ng hiểu được người kh&aacute;c muốn g&igrave; hay kh&ocirc;ng muốn g&igrave;.&quot;</p>\r\n\r\n<p>Nếu giải th&iacute;ch theo c&aacute;ch đơn giản th&igrave; ở H&agrave; Nội, đ&ocirc;i khi người ta n&oacute;i &quot;c&oacute;&quot; nhưng thực chất lại l&agrave; &quot;kh&ocirc;ng&quot;, c&ograve;n tại th&agrave;nh phố Hồ Ch&iacute; Minh th&igrave; &quot;c&oacute;&quot; l&agrave; &quot;c&oacute;&quot; m&agrave; &quot;kh&ocirc;ng&quot; chắc chắn sẽ l&agrave; &quot;kh&ocirc;ng&quot;.</p>\r\n\r\n<p>Những người nước ngo&agrave;i sống l&acirc;u năm ở đ&acirc;y cũng khẳng định S&agrave;i G&ograve;n l&agrave; một th&agrave;nh phố v&ocirc; c&ugrave;ng năng động, đặc biệt l&agrave; thế hệ trẻ lu&ocirc;n tr&agrave;n đầy ước mơ v&agrave; ho&agrave;i b&atilde;o m&atilde;nh liệt.</p>\r\n\r\n<p>&quot;Những người trẻ c&oacute; vẻ muốn trở th&agrave;nh doanh nh&acirc;n hơn l&agrave; đi l&agrave;m nh&agrave; nước. Họ đều mang b&ecirc;n m&igrave;nh chiếc smartphone v&agrave; đi lại vội v&atilde; tr&ecirc;n đường.&quot;, c&ocirc; Consul Alan Murray - một người Anh đ&atilde; sống tại th&agrave;nh phố Hồ Ch&iacute; Minh hơn 10 năm chia sẻ.</p>\r\n\r\n<p><img alt=\"\" src=\"/lvtn/public/images/tintuc/files/dalat/HCM/hcm4.jpg\" style=\"height:354px; width:600px\" /></p>\r\n\r\n<p>Mặc d&ugrave; sống nhanh v&agrave; c&oacute; phần hối hả, thế nhưng cư d&acirc;n tại đ&acirc;y lại v&ocirc; c&ugrave;ng nhiệt th&agrave;nh v&agrave; lu&ocirc;n sẵn s&agrave;ng dừng lại để gi&uacute;p đỡ c&aacute;c ho&agrave;n cảnh kh&oacute; khăn trong cuộc sống.</p>\r\n\r\n<p>&quot;Trong những ng&agrave;y đầu ti&ecirc;n tới đ&acirc;y, t&ocirc;i đ&atilde; bị lạc tại Quận 3. Khi đ&oacute;, t&ocirc;i t&igrave;m tới một nơi ph&aacute;t wifi miễn ph&iacute; để gọi Grab Bike nhưng lại kh&ocirc;ng thể n&agrave;o giao tiếp được với t&agrave;i xế. Hơi hoảng, t&ocirc;i liền đưa chiếc điện thoại của m&igrave;nh cho một người đ&agrave;n &ocirc;ng đứng b&ecirc;n cạnh v&agrave; &ocirc;ng ấy đ&atilde; gi&uacute;p t&ocirc;i n&oacute;i chuyện.</p>\r\n\r\n<p>T&ocirc;i cứ nghĩ người d&acirc;n v&ugrave;ng Midwest (một trong bốn v&ugrave;ng lớn tại Mỹ) l&agrave; th&acirc;n thiện nhất rồi, n&agrave;o ngờ người Việt Nam lại c&agrave;ng th&acirc;n thiện hơn nữa.&quot;, c&ocirc; Cheng kể lại.</p>\r\n\r\n<p>C&ograve;n anh An Dương - trưởng ph&ograve;ng c&ocirc;ng nghệ của c&ocirc;ng ty khởi nghiệp cung cấp dịch vụ t&igrave;m kiếm th&ocirc;ng tin du lịch TourMega v&agrave; l&agrave; một người d&acirc;n bản địa cũng đồng &yacute; với lời nhận x&eacute;t tr&ecirc;n.</p>\r\n\r\n<p>&quot;Người S&agrave;i G&ograve;n thường sẵn s&agrave;ng cho đi m&agrave; kh&ocirc;ng cần nhận lại bất cứ điều g&igrave;. Bạn sẽ thấy v&ocirc; số b&igrave;nh tr&agrave; đ&aacute; miễn ph&iacute; đặt tại nhiều con đường lớn nhỏ để gi&uacute;p đỡ những người b&aacute;n h&agrave;ng rong đang vất vả mưu sinh ngo&agrave;i cuộc sống.&nbsp;Ai nấy đều sẵn l&ograve;ng hỗ trợ người kh&aacute;c một c&aacute;ch nhiệt t&igrave;nh như với người th&acirc;n của m&igrave;nh vậy&quot;.</p>\r\n\r\n<p><img alt=\"\" src=\"/lvtn/public/images/tintuc/files/dalat/HCM/hcm5.jpg\" style=\"height:395px; width:600px\" /></p>\r\n\r\n<p>C&aacute;ch tốt nhất để thăm th&uacute; th&agrave;nh phố Hồ Ch&iacute; Minh l&agrave; vi vu tr&ecirc;n một chiếc xe m&aacute;y. Sử dụng phương tiện n&agrave;y, bạn c&oacute; thể tạm thời dừng lại v&agrave; gửi xe một c&aacute;ch dễ d&agrave;ng, từ đ&oacute; c&oacute; thể kh&aacute;m ph&aacute; những địa điểm vui chơi th&uacute; vị cũng như thưởng thức c&aacute;c qu&aacute;n ăn hấp dẫn b&ecirc;n lề đường.</p>\r\n\r\n<p>Anh Barker cho biết, một m&oacute;n ăn m&agrave; du kh&aacute;ch nước ngo&agrave;i kh&ocirc;ng n&ecirc;n bỏ qua khi tới đ&acirc;y l&agrave; m&oacute;n &quot;b&uacute;n thịt nướng&quot;, hay c&ograve;n gọi l&agrave; &quot;b&uacute;n chả&quot; theo c&aacute;ch n&oacute;i của những địa phương ở ph&iacute;a Bắc.</p>\r\n\r\n<p>&quot;Bạn c&oacute; thể t&igrave;m thấy những qu&aacute;n ăn đường phố tại mọi g&oacute;c đường, mọi con phố tr&ecirc;n khắp S&agrave;i G&ograve;n n&agrave;y. Việc bạn cần l&agrave;m ch&iacute;nh l&agrave; k&eacute;o một chiếc ghế nhựa về ph&iacute;a m&igrave;nh, ngồi xuống v&agrave; thưởng thức hương vị hấp dẫn từ b&aacute;t hủ tiếu g&otilde;, t&agrave;u hũ n&oacute;ng hay c&agrave; ph&ecirc; sữa đ&aacute;. Chỉ đơn giản c&oacute; thế m&agrave; th&ocirc;i&quot; .</p>\r\n\r\n<p><strong>Những địa điểm nhất định phải đến khi gh&eacute; thăm S&agrave;i G&ograve;n</strong></p>\r\n\r\n<p><strong><img alt=\"\" src=\"/lvtn/public/images/tintuc/files/dalat/HCM/hcm6.jpg\" style=\"height:401px; width:600px\" /></strong></p>\r\n\r\n<p>To&agrave;n bộ th&agrave;nh phố Hồ Ch&iacute; Minh được chia l&agrave;m 24 quận. Đa phần người nước ngo&agrave;i đều bắt đầu định cư tại Quận 1 &ndash; nơi được mệnh danh l&agrave; &quot;thi&ecirc;n đường&quot; mua sắm với những khu chợ nổi tiếng như Bến Th&agrave;nh hay c&aacute;c con phố lớn với h&agrave;ng loạt hoạt động sầm uất về đ&ecirc;m.</p>\r\n\r\n<p>Cứ thử một lần gh&eacute; tới đường B&ugrave;i Viện hoặc Phạm Ngũ L&atilde;o sau 10 giờ tối m&agrave; xem, bạn sẽ tha hồ được tụ tập với du kh&aacute;ch bốn phương v&agrave; giao lưu đến tận l&uacute;c trời s&aacute;ng trong h&agrave;ng loạt qu&aacute;n pub, qu&aacute;n c&agrave; ph&ecirc;, qu&aacute;n bia tươi lề đường với &aacute;nh đ&egrave;n s&aacute;ng rực.</p>\r\n\r\n<p>Anh Baker chia sẻ: &quot;Khu vực Đa Kao thuộc Quận 1 l&agrave; nơi ưa th&iacute;ch nhất của t&ocirc;i. Nơi n&agrave;y c&oacute; rất nhiều cửa h&agrave;ng ẩm thực để thưởng thức, v&agrave; từ đ&acirc;y c&oacute; thể đi tới to&agrave;n bộ c&aacute;c địa điểm th&uacute; vị kh&aacute;c thuộc trung t&acirc;m th&agrave;nh phố.&quot;</p>\r\n\r\n<p><img alt=\"\" src=\"/lvtn/public/images/tintuc/files/dalat/HCM/hcm7.png\" style=\"height:401px; width:600px\" /></p>\r\n\r\n<p>Khu vực Quận 2 gần s&ocirc;ng S&agrave;i G&ograve;n l&agrave; một v&ugrave;ng mới được ph&aacute;t triển với nhiều qu&aacute;n ăn, khu mua sắm v&agrave; cao ốc đắt tiền. Trong đ&oacute;, người nước ngo&agrave;i thường t&igrave;m tới phường Thảo Điền để tận hưởng cuộc sống tiện nghi nhất m&agrave; chẳng cần lặn lội tới c&aacute;c điểm vui chơi xa x&ocirc;i kh&aacute;c.</p>\r\n\r\n<p>Ngo&agrave;i ra, nếu muốn định cư l&acirc;u d&agrave;i hoặc c&oacute; con nhỏ th&igrave; họ lại lựa chọn Quận 7. Bởi đa phần những ng&ocirc;i trường quốc tế chất lượng cao c&ugrave;ng hệ thống nh&agrave; ở phong ph&uacute; đều tập trung hết ở khu vực n&agrave;y.</p>\r\n\r\n<p><strong>Từ S&agrave;i G&ograve;n, bạn c&oacute; thể vi vu c&aacute;c địa danh nổi tiếng trong v&ograve;ng &quot;một nốt nhạc&quot;</strong></p>\r\n\r\n<p><strong><img alt=\"\" src=\"/lvtn/public/images/tintuc/files/dalat/HCM/hcm8.jpg\" style=\"height:257px; width:600px\" /></strong></p>\r\n\r\n<p>Những người muốn đi du lịch trong ng&agrave;y thường lựa chọn c&aacute;c b&atilde;i biển tuyệt đẹp tại Vũng T&agrave;u (khoảng 93km về ph&iacute;a Đ&ocirc;ng Nam) hay khu vực miền T&acirc;y (khoảng 200km về ph&iacute;a T&acirc;y Nam).</p>\r\n\r\n<p>Tuy nhi&ecirc;n, c&ugrave;ng với sự hiện đại của dịch vụ h&agrave;ng kh&ocirc;ng, du kh&aacute;ch cũng c&oacute; thể đi xa hơn nữa để thỏa sức ngắm nh&igrave;n những địa danh &quot;kh&ocirc;ng đến th&igrave; ph&iacute;&quot; ở Việt Nam.</p>\r\n\r\n<p><img alt=\"\" src=\"/lvtn/public/images/tintuc/files/dalat/HCM/hcm9.jpg\" style=\"height:337px; width:600px\" /></p>\r\n\r\n<p>Chỉ mất 1 giờ bay, bạn sẽ được đặt ch&acirc;n tới đảo ngọc Ph&uacute; Quốc &ndash; một trong những điểm hẹn hấp dẫn với b&atilde;i biển xanh biếc, khu rừng mưa nhiệt đới nguy&ecirc;n thủy c&ugrave;ng đời sống ẩm thực, &acirc;m nhạc v&agrave; lễ hội đang hết sức ph&aacute;t triển.</p>\r\n\r\n<p>Nếu muốn tr&aacute;nh c&aacute;i n&oacute;ng bỏng r&aacute;t của miền biển, du kh&aacute;ch cũng c&oacute; thể gh&eacute; thăm Đ&agrave; Lạt (khoảng 300km về ph&iacute;a Đ&ocirc;ng Bắc) - nơi được mệnh danh l&agrave; th&agrave;nh phố của m&ugrave;a xu&acirc;n vĩnh cửu với điều kiện thời tiết m&aacute;t mẻ quanh năm, hay tỉnh Đắk Lắk (khoảng 350km về ph&iacute;a Đ&ocirc;ng Bắc) với những th&aacute;c nước tuyệt đẹp, sản phẩm c&agrave; ph&ecirc; nổi tiếng v&agrave; cơ hội kh&aacute;m ph&aacute; sự đa dạng về văn h&oacute;a của hơn 40 tộc người kh&aacute;c nhau.</p>\r\n\r\n<p><img alt=\"\" src=\"/lvtn/public/images/tintuc/files/dalat/HCM/hcm11/hcm13.jpg\" style=\"height:378px; width:600px\" /></p>\r\n\r\n<p>Do đ&acirc;y l&agrave; một vị tr&iacute; chiến lược kh&aacute; quan trọng của to&agrave;n khu vực n&ecirc;n từ th&agrave;nh phố Hồ Ch&iacute; Minh, bạn c&oacute; thể dễ d&agrave;ng đ&aacute;p m&aacute;y bay tới những khu vực nổi tiếng kh&aacute;c tại Đ&ocirc;ng Nam &Aacute; như Bangkok, Kuala Lumpur hay Singapore với thời gian bay chưa đầy 2 giờ đồng hồ.</p>\r\n\r\n<p><strong>Mức gi&aacute; th&acirc;n thiện với t&uacute;i tiền của bạn</strong></p>\r\n\r\n<p><strong><img alt=\"\" src=\"/lvtn/public/images/tintuc/files/dalat/HCM/hcm11/hcm11.jpg\" style=\"height:354px; width:600px\" /></strong></p>\r\n\r\n<p>Nếu so s&aacute;nh với những th&agrave;nh phố kh&aacute;c ở c&aacute;c nước phương T&acirc;y, cuộc sống tại th&agrave;nh phố Hồ Ch&iacute; Minh sẽ khiến bạn cảm thấy rất dễ chịu với mức gi&aacute; kh&ocirc;ng thể &quot;th&acirc;n thiện&quot; hơn.</p>\r\n\r\n<p>Đặc biệt, việc t&igrave;m kiếm địa điểm ăn uống b&ecirc;n ngo&agrave;i thực sự kh&aacute; dễ d&agrave;ng v&agrave; ph&ugrave; hợp với t&uacute;i tiền của số đ&ocirc;ng &ndash; chỉ chưa tới 80.000 đồng cho một bữa ăn thật ngon miệng.</p>\r\n\r\n<p><img alt=\"\" src=\"/lvtn/public/images/tintuc/files/dalat/HCM/hcm11/hcm12.jpg\" style=\"height:330px; width:600px\" /></p>\r\n\r\n<p>Chi ph&iacute; thu&ecirc; nh&agrave; ở đ&acirc;y cũng rất rẻ, chỉ từ 6,8 triệu đồng mỗi th&aacute;ng l&agrave; bạn đ&atilde; c&oacute; thể sở hữu một căn hộ chung cư tiện nghi cho một người, rẻ hơn tới 85% so với c&aacute;c th&agrave;nh phố lớn kh&aacute;c tại Mỹ.</p>\r\n\r\n<p>&quot;Bạn c&oacute; thể ti&ecirc;u tiền theo nhiều c&aacute;ch kh&aacute;c nhau. Nhưng nếu chỉ thu&ecirc; một căn hộ b&igrave;nh thường v&agrave; ăn uống kh&ocirc;ng qu&aacute; phung ph&iacute; th&igrave; chỉ cần chưa tới 1.000 USD (khoảng 23 triệu đồng) l&agrave; đủ để sống thoải m&aacute;i ở đ&acirc;y rồi.&quot;, anh Clark khẳng định.</p>', 1, '2018-11-30 18:19:45', '2018-11-30 18:19:45');
INSERT INTO `news` VALUES (20, 'Quảng Ngãi - Thành Phố Anh Hùng', 'quang ngai.jpg', 'Là tỉnh ven biển nằm trong vùng kinh tế trọng điểm của miền Trung, Quảng Ngãi hội đủ nhiều yếu tố hấp dẫn để các nhà đầu tư an tâm khi đầu tư vào đây, đó là Quảng Ngãi nằm giữa hai đầu Bắc- Nam, vừa có cảng biển, vừa có đường quốc lộ, vừa có đường sắt Bắc-Nam, cùng với những chính sách ưu đãi đầu tư đặc biệt từ Chính phủ và của địa phương. Chính vì vậy Quảng Ngãi là địa điểm lý tưởng cho các công ty muốn mở rộng thị trường đến đến cả hai miền Nam - Bắc và khu vực miền Trung rộng lớn. Ngoài ra, từ Quảng Ngãi, các doanh nghiệp có thể mở rộng tiếp cận thị trường sang Lào, đông bắc Thái Lan và Campuchia', '<p><strong>Ng&agrave;y nay, Quảng Ng&atilde;i đ&atilde; vươn l&ecirc;n trở th&agrave;nh một trong 13 tỉnh c&oacute; đ&oacute;ng g&oacute;p ng&acirc;n s&aacute;ch lớn nhờ c&oacute; Nh&agrave; m&aacute;y Lọc dầu Dung Quất &ndash; nh&agrave; m&aacute;y lọc h&oacute;a dầu đầu ti&ecirc;n của Việt Nam v&agrave; Khu kinh tế (KKT) Dung Quất, một trong những KKT ti&ecirc;n phong v&agrave; th&agrave;nh c&ocirc;ng nhất trong cả nước, g&oacute;p phần lớn cho việc ph&aacute;t triển trong khu vực kinh tế trọng điểm miền Trung.</strong></p>\r\n\r\n<p><strong><img alt=\"\" src=\"/lvtn/public/images/tintuc/files/QuangNgai/qn1.jpg\" style=\"height:382px; width:650px\" /></strong></p>\r\n\r\n<p><strong>ĐIỀU KIỆN TỰ NHI&Ecirc;N V&Agrave; CƠ SỞ HẠ TẦNG</strong><br />\r\n<br />\r\n<strong>Địa l&yacute; h&agrave;nh ch&iacute;nh</strong></p>\r\n\r\n<p>Quảng Ng&atilde;i trải d&agrave;i từ 14&deg;32&rsquo; đến 15&deg;25&rsquo; vĩ độ Bắc, từ 108&deg;06&rsquo; đến 109&deg;04&rsquo; kinh độ Đ&ocirc;ng; ph&iacute;a bắc gi&aacute;p tỉnh Quảng Nam, ph&iacute;a nam gi&aacute;p tỉnh B&igrave;nh Định, ph&iacute;a t&acirc;y gi&aacute;p tỉnh Kon Tum, ph&iacute;a đ&ocirc;ng gi&aacute;p biển Đ&ocirc;ng, c&aacute;ch thủ đ&ocirc; H&agrave; Nội 883 km về ph&iacute;a bắc v&agrave; th&agrave;nh phố Hồ Ch&iacute; Minh 838 km về ph&iacute;a nam. Diện t&iacute;ch tự nhi&ecirc;n khoảng 5.152,67 km&sup2;, bao gồm 1 th&agrave;nh phố trực thuộc tỉnh (th&agrave;nh phố Quảng Ng&atilde;i), 6 huyện đồng bằng ven biển (B&igrave;nh Sơn, Sơn Tịnh, Tư Nghĩa, Nghĩa H&agrave;nh, Mộ Đức, Đức Phổ), 6 huyện miền n&uacute;i (Ba Tơ, Tr&agrave; Bồng, T&acirc;y Tr&agrave;, Sơn T&acirc;y, Sơn H&agrave;, Minh Long) v&agrave; 1 huyện đảo (L&yacute; Sơn).<br />\r\n<br />\r\n<strong>D&acirc;n số, d&acirc;n cư</strong></p>\r\n\r\n<p>D&acirc;n số Quảng Ng&atilde;i năm 2013 l&agrave; 1,236 triệu người, với mật độ d&acirc;n số trung b&igrave;nh 237 người/km&sup2;. Đ&acirc;y l&agrave; địa b&agrave;n sinh sống của nhiều tộc người kh&aacute;c nhau; trong đ&oacute; chiếm đa số l&agrave; người Kinh (88%), Hre (8,58%), Cor (1,8%)&hellip;<br />\r\n<br />\r\n<strong>Giao th&ocirc;ng vận tải</strong></p>\r\n\r\n<p><em><strong>1. Đường bộ:</strong></em></p>\r\n\r\n<p>Quốc lộ 1A: đoạn chạy qua tỉnh: 98km</p>\r\n\r\n<p>Quốc lộ 24A: Nối liền Quốc lội 1A (đoạn qua Thạch Trụ, huyện Mộ Đức, tỉnh Quảng Ng&atilde;i) với KonTum d&agrave;i 69km v&agrave; Quốc lộ 24B d&agrave;i 18km.</p>\r\n\r\n<p>Đường Đ&ocirc;ng Trường Sơn đi qua 02 x&atilde; Sơn M&ugrave;a v&agrave; Sơn Bua, huyện Sơn T&acirc;y với tổng chiều d&agrave;i 13 km</p>\r\n\r\n<p>Tỉnh lộ: Gồm 18 tuyến với tổng chiều d&agrave;i 520,5km</p>\r\n\r\n<p>Đường ven biển Dung Quất- Sa Huỳnh đi qua c&aacute;c huyện B&igrave;nh Sơn, Sơn Tịnh, Tư Nghĩa, Mộ Đức, Đức Phổ v&agrave; th&agrave;nh phố Quảng Ng&atilde;i, với chiều d&agrave;i khoảng 117 Km. C&oacute; điểm đầu tại ranh giữa hai tỉnh Quảng Nam v&agrave; Quảng Ng&atilde;i thuộc Khu kinh tế Dung Quất v&agrave; điểm cuối giao với Quốc lộ 1A tại Km1116 thuộc Sa Huỳnh, huyện Đức Phổ. Đ&acirc;y l&agrave; tuyến đường g&oacute;p phần quan trọng khơi dậy tiềm năng vừa ph&aacute;t triển kinh tế - x&atilde; hội dọc v&ugrave;ng ven biển, n&acirc;ng cao đời sống người d&acirc;n, vừa gắn với củng cố, tăng cường tiềm lực quốc ph&ograve;ng - an ninh ở khu vực n&agrave;y.</p>\r\n\r\n<p>Đường nội KKT Dung Quất: c&oacute; tổng chiều d&agrave;i tr&ecirc;n 60km. Hiện tiếp tục đầu tư x&acirc;y dựng ho&agrave;n th&agrave;nh c&aacute;c tuyến đường như: đường Dung Quất nối với đường Hồ Ch&iacute; Minh theo hướng Tr&agrave; My - Tr&agrave; Bồng - B&igrave;nh Long - Ng&atilde; ba Nh&agrave; m&aacute;y lọc dầu - cảng Dung Quất. Quy hoạch v&agrave; x&acirc;y dựng tuyến đường Trị B&igrave;nh - cảng Dung Quất v&agrave; một số tuyến đường trục ch&iacute;nh của đ&ocirc; thị Vạn Tường.<br />\r\n<em><strong>&nbsp;<br />\r\n2. Đường Sắt:</strong></em></p>\r\n\r\n<p>Tuyến đường sắt Bắc - Nam: chạy suốt chiều d&agrave;i tỉnh.</p>\r\n\r\n<p><em><strong>3. Đường h&agrave;ng kh&ocirc;ng:&nbsp;&nbsp;</strong></em></p>\r\n\r\n<p>S&acirc;n bay Chu Lai (Tỉnh Quảng Nam) c&aacute;ch Th&agrave;nh phố Quảng Ng&atilde;i 35km, c&aacute;ch Khu kinh tế Dung Quất 04km về hướng Bắc.</p>\r\n\r\n<p>&nbsp;<strong>4. Hệ thống cảng biển:&nbsp;</strong></p>\r\n\r\n<p>Cảng biển nước s&acirc;u Dung Quất: với lợi thế k&iacute;n gi&oacute;, c&aacute;ch tuyến h&agrave;ng hải quốc tế 90km, tuyến nội hải 30km v&agrave; độ s&acirc;u từ 10-19m, cảng Dung Quất đ&atilde; được thiết kế với hệ thống cảng đa chức năng gồm:</p>\r\n\r\n<p>-&nbsp;&nbsp;&nbsp; Khu cảng Dầu kh&iacute; với lượng h&agrave;ng h&oacute;a th&ocirc;ng qua l&agrave; 6,1 triệu tấn dầu sản phẩm/năm v&agrave; x&acirc;y dựng 01 bến phao để nhập dầu th&ocirc; cho t&agrave;u dầu c&oacute; trọng tải từ 80.000 tấn - 110.000 tấn tại vịnh Việt Thanh; cảng chuy&ecirc;n d&ugrave;ng gắn với Khu c&ocirc;ng nghiệp li&ecirc;n hợp t&agrave;u thủy, khu x&acirc;y dựng Nh&agrave; m&aacute;y Luyện c&aacute;n th&eacute;p v&agrave; c&aacute;c Nh&agrave; m&aacute;y C&ocirc;ng nghiệp nặng.</p>\r\n\r\n<p>-&nbsp;&nbsp;&nbsp; Cảng tổng hợp được chia th&agrave;nh 2 ph&acirc;n khu cảng: ph&acirc;n khu cảng Tổng hợp 1 ở ngay sau Khu cảng Dầu kh&iacute;, đảm bảo cho c&aacute;c t&agrave;u c&oacute; trọng tải từ 5.000 tấn - 50.000 tấn ra v&agrave;o; ph&acirc;n khu cảng Tổng hợp 2 ở ph&iacute;a Nam vịnh Dung Quất, b&ecirc;n tả s&ocirc;ng Đập.</p>\r\n\r\n<p>-&nbsp;&nbsp;&nbsp; &nbsp;Khu cảng Chuy&ecirc;n d&ugrave;ng gắn với Khu c&ocirc;ng nghiệp li&ecirc;n hợp t&agrave;u thủy, khu x&acirc;y dựng Nh&agrave; m&aacute;y Luyện c&aacute;n th&eacute;p v&agrave; c&aacute;c Nh&agrave; m&aacute;y C&ocirc;ng nghiệp nặng.</p>\r\n\r\n<p>-&nbsp;&nbsp;&nbsp; &nbsp;Khu cảng Thương mại phục vụ cho Khu bảo thuế v&agrave; 01 cảng trung chuyển container quốc tế nằm tại vị tr&iacute; giữa Khu cảng Chuy&ecirc;n d&ugrave;ng v&agrave; Khu cảng Tổng hợp để đ&oacute;n t&agrave;u c&oacute; trọng tải từ 10 - 15 vạn DWT.&nbsp;<br />\r\n&nbsp;<br />\r\nCảng Dung Quất được đầu tư x&acirc;y dựng để bảo đảm khối lượng h&agrave;ng h&oacute;a th&ocirc;ng qua khoảng 20 triệu tấn/năm v&agrave;o năm 2010 v&agrave; khoảng 34 triệu tấn/năm v&agrave;o năm 2020 Hiện nay đang vận h&agrave;nh bến tổng hợp cho t&agrave;u 1,5 vạn DWT.<br />\r\n&nbsp;<br />\r\n* Ngo&agrave;i ra, với bờ biển d&agrave;i 144 km, Quảng Ng&atilde;i c&oacute; nhiều cửa biển, cảng biển nhỏ như: Sa Kỳ, Sa Cần, B&igrave;nh Ch&acirc;u, Mỹ &Aacute;,&hellip; c&oacute; tiềm năng về giao th&ocirc;ng đường thủy, thương mại v&agrave; du lịch</p>\r\n\r\n<p><img alt=\"\" src=\"/lvtn/public/images/tintuc/files/QuangNgai/qn2.jpg\" style=\"height:1200px; width:1599px\" /></p>\r\n\r\n<p><strong>T&Agrave;I NGUY&Ecirc;N THI&Ecirc;N NHI&Ecirc;N V&Agrave; TIỀM NĂNG PH&Aacute;T TRIỂN</strong></p>\r\n\r\n<p><strong>T&agrave;i nguy&ecirc;n đất</strong></p>\r\n\r\n<p>Theo kết quả điều tra x&acirc;y dựng bản đồ đất thuộc hệ thống ph&acirc;n loại của FAO - UNESCO, tr&ecirc;n diện t&iacute;ch 513.688,14 ha, Quảng Ng&atilde;i c&oacute; 9 nh&oacute;m đất ch&iacute;nh với 25 đơn vị đất v&agrave; 68 đơn vị đất phụ. Ch&iacute;n nh&oacute;m đất ch&iacute;nh l&agrave;: cồn c&aacute;t, đất c&aacute;t ven biển, đất mặn, đất ph&ugrave; sa, đất gi&acirc;y, đất x&aacute;m, đất đỏ v&agrave;ng, đất đen, đất nứt nẻ, đất x&oacute;i m&ograve;n trơ trọi đ&aacute;. Trong đ&oacute;, nh&oacute;m đất x&aacute;m c&oacute; vị tr&iacute; quan trọng (chiếm 74,65% diện t&iacute;ch đất tự nhi&ecirc;n) th&iacute;ch hợp với c&acirc;y c&ocirc;ng nghiệp d&agrave;i ng&agrave;y, c&acirc;y đặc sản, dược liệu, chăn nu&ocirc;i gia s&uacute;c v&agrave; nh&oacute;m đất ph&ugrave; sa thuộc hạ lưu c&aacute;c s&ocirc;ng (chiếm 19,3% diện t&iacute;ch đất tự nhi&ecirc;n), th&iacute;ch hợp với trồng l&uacute;a, c&acirc;y c&ocirc;ng nghiệp ngắn ng&agrave;y, rau đậu.</p>\r\n\r\n<p>Diện t&iacute;ch đất của Quảng Ng&atilde;i được sử dụng gồm 322.034,59 ha đất n&ocirc;ng nghiệp (62,5% diện t&iacute;ch đất tự nhi&ecirc;n), 45.636,2 ha đất phi n&ocirc;ng nghiệp (8,86% diện t&iacute;ch đất tự nhi&ecirc;n) v&agrave; 147.595,9ha đất chưa sử dụng (28,64% diện t&iacute;ch đất tự nhi&ecirc;n).</p>\r\n\r\n<p><strong>T&agrave;i nguy&ecirc;n rừng</strong></p>\r\n\r\n<p>Rừng Quảng Ng&atilde;i phong ph&uacute; về l&acirc;m, thổ sản với nhiều loại gỗ như: trắc, huỳnh, đinh hương, sến, kiền kiền, gụ, dỗi&hellip;, tổng trữ lượng gỗ khoảng 9,8 triệu m&sup3;. So với c&aacute;c tỉnh trong v&ugrave;ng duy&ecirc;n hải miền Trung, vốn rừng tự nhi&ecirc;n của Quảng Ng&atilde;i rất &iacute;t, chủ yếu l&agrave; rừng trung b&igrave;nh v&agrave; rừng ngh&egrave;o, nhưng nếu so về trữ lượng (t&iacute;nh tr&ecirc;n 1 ha) th&igrave; trữ lượng c&aacute;c loại rừng của Quảng Ng&atilde;i lại cao hơn mức trung b&igrave;nh của cả nước.</p>\r\n\r\n<p><strong>T&agrave;i nguy&ecirc;n kho&aacute;ng sản</strong></p>\r\n\r\n<p>T&agrave;i nguy&ecirc;n kho&aacute;ng sản kh&ocirc;ng đa dạng về chủng loại, chủ yếu l&agrave; kho&aacute;ng sản phục vụ cho c&ocirc;ng nghiệp vật liệu x&acirc;y dựng, nước kho&aacute;ng v&agrave; một số kho&aacute;ng sản kh&aacute;c.</p>\r\n\r\n<p>Những kho&aacute;ng sản c&oacute; thể khai th&aacute;c trong 10 năm tới l&agrave;: graph&iacute;t trữ lượng khoảng 4 triệu tấn, trong đ&oacute; trữ lượng cho ph&eacute;p đưa v&agrave;o khai th&aacute;c 2,5 triệu tấn, h&agrave;m lượng c&aacute;cbon trung b&igrave;nh 20%, c&oacute; nơi 24% nằm tr&ecirc;n địa b&agrave;n huyện Sơn Tịnh; silimanhit trữ lượng 1 triệu tấn, ph&acirc;n bổ ở Hưng Nhượng (Sơn Tịnh); than b&ugrave;n ở B&igrave;nh Ph&uacute; (B&igrave;nh Sơn) trữ lượng 476 ngh&igrave;n m&sup3;; cao lanh ở Sơn Tịnh trữ lượng khoảng 4 triệu tấn. Đ&aacute; x&acirc;y dựng gồm c&aacute;c loại đ&aacute; l&agrave;m vật liệu x&acirc;y dựng, rải đường giao th&ocirc;ng, &aacute;p tường, l&aacute;t nền, trữ lượng tr&ecirc;n 7 tỷ m&sup3;, ph&acirc;n bố ở Đức Phổ, Tr&agrave; Bồng v&agrave; một số huyện kh&aacute;c; nước kho&aacute;ng ở Thạch B&iacute;ch (Tr&agrave; Bồng), Đức L&acirc;n (Mộ Đức), Nghĩa Thuận (Tư Nghĩa) v&agrave; Sơn Tịnh.</p>\r\n\r\n<p><strong>T&agrave;i nguy&ecirc;n biển v&agrave; ven biển</strong></p>\r\n\r\n<p>Với bờ biển d&agrave;i 144 km, c&ugrave;ng v&ugrave;ng l&atilde;nh hải rộng lớn 11.000 km&sup2;, c&oacute; 6 cửa biển, dồi d&agrave;o nguồn lực hải sản, Quảng Ng&atilde;i c&ograve;n c&oacute; một khả năng lớn để đi l&ecirc;n từ ph&aacute;t triển kinh tế biển đặc biệt l&agrave; khai th&aacute;c c&oacute; hiệu quả c&aacute; nổi trữ lượng khoảng 68.000 tấn c&aacute;c loại. &ETH;&acirc;y cũng l&agrave; ng&agrave;nh kinh tế mũi nhọn của tỉnh. Với 6 huyện ven biển v&agrave; một huyện đảo, c&oacute; thể n&oacute;i biển đảo Quảng Ng&atilde;i c&oacute; nhiều tiềm năng về cảnh quan, địa h&igrave;nh, nhiều di t&iacute;ch lịch sử, lễ hội truyền thống, l&agrave; một trong c&aacute;c tỉnh c&oacute; bờ biển d&agrave;i v&agrave; đẹp, c&oacute; diện t&iacute;ch khai th&aacute;c, nu&ocirc;i trồng thủy hải sản rộng lớn. Đặc biệt, đảo L&yacute; Sơn c&ograve;n l&agrave; nơi lưu giữ h&igrave;nh ảnh của những đội h&ugrave;ng binh xưa dong buồm ra biển Đ&ocirc;ng, đặt những vi&ecirc;n đ&aacute; chủ quyền thi&ecirc;ng li&ecirc;ng đầu ti&ecirc;n tr&ecirc;n quần đảo Ho&agrave;ng Sa v&agrave; Trường Sa.</p>\r\n\r\n<p><img alt=\"\" src=\"/lvtn/public/images/tintuc/files/QuangNgai/qn3.jpg\" style=\"height:429px; width:640px\" /></p>\r\n\r\n<p><strong>T&agrave;i nguy&ecirc;n du lịch</strong></p>\r\n\r\n<p>Quảng Ng&atilde;i c&oacute; di chỉ văn h&oacute;a Sa Huỳnh, ch&ugrave;a Thi&ecirc;n Ấn, th&agrave;nh cổ Ch&acirc;u Sa... l&agrave; những di t&iacute;ch lịch sử - văn h&oacute;a (LSVH) quan trọng của thời tiền - sơ sử v&agrave; cổ trung đại. Quảng Ng&atilde;i cũng l&agrave; nơi lưu dấu nhiều sự kiện v&agrave; chứng t&iacute;ch quan trọng trong lịch sử đấu tranh c&aacute;ch mạng thời hiện đại như: Chứng t&iacute;ch Sơn Mỹ, địa đạo &ETH;&agrave;m To&aacute;i x&atilde; B&igrave;nh Ch&acirc;u, Ba Tơ quật khởi, mộ nh&agrave; ch&iacute; sĩ y&ecirc;u nước Huỳnh Th&uacute;c Kh&aacute;ng... Ngo&agrave;i ra, Quảng Ng&atilde;i c&oacute; 144 km bờ biển với những quang cảnh n&ecirc;n thơ rất th&iacute;ch hợp cho việc ph&aacute;t triển kinh doanh du lịch như: b&atilde;i biển Sa Huỳnh, b&atilde;i biển Mỹ Kh&ecirc;, vũng Dung Quất, mũi Ba L&agrave;ng An, Cổ Lũy c&ocirc; th&ocirc;n... Trong v&ugrave;ng biển ph&iacute;a đ&ocirc;ng của tỉnh c&oacute; đảo L&yacute; Sơn, một v&ugrave;ng biển đảo c&oacute; nhiều cảnh quan thi&ecirc;n nhi&ecirc;n kỳ th&uacute;, l&agrave; v&ugrave;ng đất ph&ecirc;n dậu ph&iacute;a đ&ocirc;ng của tỉnh, qu&ecirc; hương của những &ldquo;h&ugrave;ng binh&rdquo; Ho&agrave;ng Sa thuở trước, l&agrave; &ldquo;vương quốc&rdquo; của nghề trồng tỏi v&agrave; nghề đ&aacute;nh bắt hải sản xa bờ, cũng l&agrave; một &ldquo;trọng địa&rdquo; du lịch đầy tiềm năng với những b&atilde;i biển hoang sơ, c&oacute; nhiều di t&iacute;ch LSVH, c&ugrave;ng những bến thuyền t&agrave;u ghe tấp nập&hellip; hấp dẫn du kh&aacute;ch.</p>\r\n\r\n<p><img alt=\"\" src=\"/lvtn/public/images/tintuc/files/QuangNgai/qn4.jpg\" style=\"height:375px; width:500px\" /></p>\r\n\r\n<p><strong>Di sản văn h&oacute;a</strong></p>\r\n\r\n<p>Quảng Ng&atilde;i l&agrave; mảnh đất c&oacute; bề d&agrave;y lịch sử, l&agrave; qu&ecirc; hương của văn h&oacute;a Sa Huỳnh v&agrave; l&agrave; địa b&agrave;n trọng yếu của văn h&oacute;a Champa, c&oacute; hai danh thắng nổi tiếng l&agrave; &quot;n&uacute;i Ấn, s&ocirc;ng Tr&agrave;&quot;. Đặc biệt, Quảng Ng&atilde;i c&oacute; hệ thống Trường Lũy được x&acirc;y dựng từ thế kỷ XVI, trải dọc v&ugrave;ng trung du ph&iacute;a t&acirc;y của tỉnh, k&eacute;o d&agrave;i đến tỉnh B&igrave;nh Định, l&agrave; hệ thống th&agrave;nh lũy d&agrave;i nhất Việt Nam, được c&ocirc;ng nhận l&agrave; di t&iacute;ch LSVH cấp quốc gia. Quảng Ng&atilde;i c&ograve;n l&agrave; qu&ecirc; hương của c&aacute;c danh nh&acirc;n, danh tướng như: Trương Định, L&ecirc; Trung Đ&igrave;nh, Phạm Văn Đồng; nhiều nh&agrave; tr&iacute; thức, nh&agrave; văn, nh&agrave; thơ, nhạc sĩ, nghệ sĩ t&ecirc;n tuổi: B&iacute;ch Kh&ecirc;, Tế Hanh, NSND Tr&agrave; Giang, Trương Quang Lục, Thế Bảo, Nhất Sinh... Quảng Ng&atilde;i c&ograve;n c&oacute; những lễ hội văn h&oacute;a đặc sắc diễn ra quanh năm như: lễ hội nghinh &Ocirc;ng, lễ khao lề thế l&iacute;nh Ho&agrave;ng Sa (L&yacute; Sơn), lễ hội ăn tr&acirc;u, lễ hội cầu ngư, lễ hội đua thuyền&hellip;</p>\r\n\r\n<p>(Nguồn: www.nhipcauviet.com.vn)</p>', 1, '2018-11-30 18:30:53', '2018-12-05 13:34:27');
INSERT INTO `news` VALUES (21, 'Hồ Gươm, một trong những biểu tượng của Hà Nội', 'hanoi_du_lich_1649684868.jpg', NULL, NULL, 0, '2022-04-11 20:47:48', '2022-04-11 20:47:48');

-- ----------------------------
-- Table structure for order_ticket
-- ----------------------------
DROP TABLE IF EXISTS `order_ticket`;
CREATE TABLE `order_ticket`  (
  `id` int(11) NOT NULL AUTO_INCREMENT,
  `user_edit_id` int(11) NULL DEFAULT NULL,
  `customer_id` int(11) NULL DEFAULT NULL,
  `buse_id` int(11) NULL DEFAULT NULL,
  `number` int(11) NULL DEFAULT NULL,
  `is_active` int(11) NULL DEFAULT 0 COMMENT '0 chưa thanh toán,1 đã thanh toán',
  `total` varchar(45) CHARACTER SET latin1 COLLATE latin1_swedish_ci NULL DEFAULT NULL,
  `payment` varchar(45) CHARACTER SET latin1 COLLATE latin1_swedish_ci NULL DEFAULT NULL,
  `created_at` datetime NULL DEFAULT NULL,
  `updated_at` datetime NULL DEFAULT NULL,
  PRIMARY KEY (`id`) USING BTREE
) ENGINE = InnoDB AUTO_INCREMENT = 77 CHARACTER SET = latin1 COLLATE = latin1_swedish_ci ROW_FORMAT = Dynamic;

-- ----------------------------
-- Records of order_ticket
-- ----------------------------
INSERT INTO `order_ticket` VALUES (1, 1, 14, 22, 1, 2, '225000', NULL, '2018-12-12 15:25:58', '2018-12-13 19:32:59');
INSERT INTO `order_ticket` VALUES (2, 1, 28, 22, 2, 2, '450000', NULL, '2018-12-12 05:05:29', '2018-12-13 19:31:26');
INSERT INTO `order_ticket` VALUES (3, 1, 28, 22, 3, 0, '675000', NULL, '2018-12-13 21:45:30', '2018-12-13 21:45:30');
INSERT INTO `order_ticket` VALUES (4, 1, 30, 22, 5, 2, '1250000', NULL, '2018-12-12 16:11:15', '2018-12-13 17:00:52');
INSERT INTO `order_ticket` VALUES (5, 1, 31, 22, 3, 2, '675000', NULL, '2018-12-13 19:39:00', '2018-12-13 19:39:17');
INSERT INTO `order_ticket` VALUES (6, 1, 32, 22, 4, 2, '825000', NULL, '2018-12-12 23:17:49', '2018-12-13 16:58:46');
INSERT INTO `order_ticket` VALUES (7, 1, 33, 22, 2, 0, '450000', NULL, '2018-12-13 20:12:47', '2018-12-13 20:12:47');
INSERT INTO `order_ticket` VALUES (8, 6, 33, 22, 1, 0, '225000', NULL, '2018-12-15 11:22:21', '2018-12-15 11:22:21');
INSERT INTO `order_ticket` VALUES (9, 1, 7, 22, 3, 2, '675000', NULL, '2018-12-13 19:43:15', '2018-12-13 19:43:23');
INSERT INTO `order_ticket` VALUES (12, NULL, 1, 47, 4, 0, '3040000', NULL, '2022-04-14 22:34:09', '2022-04-14 22:34:09');
INSERT INTO `order_ticket` VALUES (13, NULL, 1, NULL, 4, 0, '3040000', NULL, '2022-04-14 22:42:09', '2022-04-14 22:42:09');
INSERT INTO `order_ticket` VALUES (14, NULL, 1, NULL, 4, 0, '3040000', NULL, '2022-04-14 22:43:14', '2022-04-14 22:43:14');
INSERT INTO `order_ticket` VALUES (15, NULL, 1, 47, 4, 0, '3040000', NULL, '2022-04-14 22:45:23', '2022-04-14 22:45:23');
INSERT INTO `order_ticket` VALUES (16, NULL, 1, 47, 4, 0, '3040000', NULL, '2022-04-14 22:47:02', '2022-04-14 22:47:02');
INSERT INTO `order_ticket` VALUES (17, NULL, 1, 47, 4, 0, '3040000', NULL, '2022-04-14 22:57:57', '2022-04-14 22:57:57');
INSERT INTO `order_ticket` VALUES (18, NULL, 1, 47, 4, 0, '3040000', NULL, '2022-04-14 22:58:44', '2022-04-14 22:58:44');
INSERT INTO `order_ticket` VALUES (19, NULL, 1, 47, 4, 0, '3040000', NULL, '2022-04-14 22:59:32', '2022-04-14 22:59:32');
INSERT INTO `order_ticket` VALUES (20, NULL, 1, 47, 4, 0, '3040000', NULL, '2022-04-14 23:00:09', '2022-04-14 23:00:09');
INSERT INTO `order_ticket` VALUES (21, NULL, 1, NULL, 4, 0, '880000', NULL, '2022-04-15 08:03:05', '2022-04-15 08:03:05');
INSERT INTO `order_ticket` VALUES (22, NULL, 1, NULL, 4, 0, '880000', NULL, '2022-04-15 08:11:56', '2022-04-15 08:11:56');
INSERT INTO `order_ticket` VALUES (23, NULL, 1, NULL, 4, 0, '880000', NULL, '2022-04-15 08:12:14', '2022-04-15 08:12:14');
INSERT INTO `order_ticket` VALUES (24, NULL, 1, NULL, 4, 0, '880000', NULL, '2022-04-15 08:12:49', '2022-04-15 08:12:49');
INSERT INTO `order_ticket` VALUES (25, NULL, 1, NULL, 4, 0, '880000', NULL, '2022-04-15 08:15:29', '2022-04-15 08:15:29');
INSERT INTO `order_ticket` VALUES (26, NULL, 1, NULL, 5, 0, '1700000', NULL, '2022-04-15 14:07:53', '2022-04-15 14:07:53');
INSERT INTO `order_ticket` VALUES (27, NULL, 1, NULL, 2, 0, '680000', NULL, '2022-04-15 20:17:58', '2022-04-15 20:17:58');
INSERT INTO `order_ticket` VALUES (28, NULL, 1, 1, 1, 0, '340000', NULL, '2022-04-15 20:19:32', '2022-04-15 20:19:32');
INSERT INTO `order_ticket` VALUES (29, NULL, 1, 1, 1, 0, '340000', NULL, '2022-04-15 20:30:44', '2022-04-15 20:30:44');
INSERT INTO `order_ticket` VALUES (30, NULL, 1, 1, 1, 0, '340000', NULL, '2022-04-15 20:31:27', '2022-04-15 20:31:27');
INSERT INTO `order_ticket` VALUES (31, NULL, 1, 1, 1, 0, '340000', NULL, '2022-04-15 20:31:32', '2022-04-15 20:31:32');
INSERT INTO `order_ticket` VALUES (32, NULL, 1, 1, 1, 0, '340000', NULL, '2022-04-15 20:32:38', '2022-04-15 20:32:38');
INSERT INTO `order_ticket` VALUES (33, NULL, 1, 1, 1, 0, '340000', NULL, '2022-04-15 20:50:33', '2022-04-15 20:50:33');
INSERT INTO `order_ticket` VALUES (34, NULL, 1, 1, 2, 0, '680000', NULL, '2022-04-15 21:02:46', '2022-04-15 21:02:46');
INSERT INTO `order_ticket` VALUES (35, NULL, 1, 1, 2, 0, '680000', NULL, '2022-04-15 21:04:07', '2022-04-15 21:04:07');
INSERT INTO `order_ticket` VALUES (36, NULL, 1, 1, 2, 0, '680000', NULL, '2022-04-15 21:04:19', '2022-04-15 21:04:19');
INSERT INTO `order_ticket` VALUES (37, NULL, 1, 1, 2, 0, '680000', NULL, '2022-04-15 21:06:48', '2022-04-15 21:06:48');
INSERT INTO `order_ticket` VALUES (38, NULL, 1, 1, 2, 0, '680000', NULL, '2022-04-15 21:07:03', '2022-04-15 21:07:03');
INSERT INTO `order_ticket` VALUES (39, NULL, 1, 1, 2, 0, '680000', NULL, '2022-04-15 21:07:35', '2022-04-15 21:07:35');
INSERT INTO `order_ticket` VALUES (40, NULL, 1, 1, 2, 0, '680000', NULL, '2022-04-15 21:07:51', '2022-04-15 21:07:51');
INSERT INTO `order_ticket` VALUES (41, NULL, 1, 1, 2, 0, '680000', NULL, '2022-04-15 21:09:18', '2022-04-15 21:09:18');
INSERT INTO `order_ticket` VALUES (42, NULL, 1, 1, 2, 0, '680000', NULL, '2022-04-15 21:10:18', '2022-04-15 21:10:18');
INSERT INTO `order_ticket` VALUES (43, NULL, 1, 1, 2, 0, '680000', NULL, '2022-04-15 21:11:07', '2022-04-15 21:11:07');
INSERT INTO `order_ticket` VALUES (44, NULL, 1, 1, 2, 0, '680000', NULL, '2022-04-15 21:12:15', '2022-04-15 21:12:15');
INSERT INTO `order_ticket` VALUES (45, NULL, 1, 1, 2, 0, '680000', NULL, '2022-04-15 21:12:37', '2022-04-15 21:12:37');
INSERT INTO `order_ticket` VALUES (46, NULL, 1, 1, 2, 0, '680000', NULL, '2022-04-15 21:16:05', '2022-04-15 21:16:05');
INSERT INTO `order_ticket` VALUES (47, NULL, 1, 1, 2, 0, '680000', NULL, '2022-04-15 21:16:21', '2022-04-15 21:16:21');
INSERT INTO `order_ticket` VALUES (48, NULL, 1, 1, 2, 0, '680000', NULL, '2022-04-15 21:21:38', '2022-04-15 21:21:38');
INSERT INTO `order_ticket` VALUES (49, NULL, 1, 1, 2, 0, '680000', NULL, '2022-04-15 21:22:59', '2022-04-15 21:22:59');
INSERT INTO `order_ticket` VALUES (50, NULL, 1, 1, 2, 0, '680000', NULL, '2022-04-15 21:24:23', '2022-04-15 21:24:23');
INSERT INTO `order_ticket` VALUES (51, NULL, 1, 1, 2, 0, '680000', NULL, '2022-04-15 21:24:30', '2022-04-15 21:24:30');
INSERT INTO `order_ticket` VALUES (52, NULL, 1, 1, 2, 0, '680000', NULL, '2022-04-15 21:25:26', '2022-04-15 21:25:26');
INSERT INTO `order_ticket` VALUES (53, NULL, 1, 1, 2, 0, '680000', NULL, '2022-04-15 21:28:04', '2022-04-15 21:28:04');
INSERT INTO `order_ticket` VALUES (54, NULL, 1, 1, 2, 0, '680000', NULL, '2022-04-15 21:35:33', '2022-04-15 21:35:33');
INSERT INTO `order_ticket` VALUES (55, NULL, 1, 1, 1, 0, '340000', NULL, '2022-04-15 21:36:09', '2022-04-15 21:36:09');
INSERT INTO `order_ticket` VALUES (56, NULL, 1, 1, 1, 0, '340000', NULL, '2022-04-15 21:38:00', '2022-04-15 21:38:00');
INSERT INTO `order_ticket` VALUES (57, NULL, 1, 1, 1, 0, '340000', NULL, '2022-04-15 21:42:43', '2022-04-15 21:42:43');
INSERT INTO `order_ticket` VALUES (58, NULL, 1, 1, 1, 0, '340000', NULL, '2022-04-15 21:44:22', '2022-04-15 21:44:22');
INSERT INTO `order_ticket` VALUES (59, NULL, 1, 1, 1, 0, '340000', NULL, '2022-04-15 21:45:59', '2022-04-15 21:45:59');
INSERT INTO `order_ticket` VALUES (60, NULL, 1, 1, 1, 0, '340000', NULL, '2022-04-15 21:46:24', '2022-04-15 21:46:24');
INSERT INTO `order_ticket` VALUES (61, NULL, 1, 1, 1, 0, '340000', NULL, '2022-04-15 21:47:22', '2022-04-15 21:47:22');
INSERT INTO `order_ticket` VALUES (62, NULL, 1, 1, 1, 0, '340000', NULL, '2022-04-15 21:48:02', '2022-04-15 21:48:02');
INSERT INTO `order_ticket` VALUES (63, NULL, 1, 1, 1, 0, '340000', NULL, '2022-04-15 21:48:37', '2022-04-15 21:48:37');
INSERT INTO `order_ticket` VALUES (64, NULL, 1, 1, 1, 0, '340000', NULL, '2022-04-15 21:48:51', '2022-04-15 21:48:51');
INSERT INTO `order_ticket` VALUES (65, NULL, 1, 1, 1, 0, '340000', NULL, '2022-04-15 21:49:26', '2022-04-15 21:49:26');
INSERT INTO `order_ticket` VALUES (66, NULL, 1, 1, 1, 0, '340000', NULL, '2022-04-15 21:49:39', '2022-04-15 21:49:39');
INSERT INTO `order_ticket` VALUES (67, NULL, 1, 1, 1, 0, '340000', NULL, '2022-04-15 21:52:11', '2022-04-15 21:52:11');
INSERT INTO `order_ticket` VALUES (68, NULL, 1, 1, 1, 0, '340000', NULL, '2022-04-15 21:54:01', '2022-04-15 21:54:01');
INSERT INTO `order_ticket` VALUES (69, NULL, 1, 1, 1, 0, '340000', NULL, '2022-04-15 21:58:53', '2022-04-15 21:58:53');
INSERT INTO `order_ticket` VALUES (70, NULL, 1, 1, 1, 0, '340000', NULL, '2022-04-15 22:05:03', '2022-04-15 22:05:03');
INSERT INTO `order_ticket` VALUES (71, NULL, 1, 1, 1, 1, '340000', NULL, '2022-04-15 22:08:51', '2022-04-15 22:25:02');
INSERT INTO `order_ticket` VALUES (72, NULL, 1, 1, 5, 1, '1700000', 'vnp', '2022-04-15 23:00:27', '2022-04-15 23:00:52');
INSERT INTO `order_ticket` VALUES (73, NULL, 1, 2, 2, 0, '440000', 'bank', '2022-04-16 08:14:02', '2022-04-16 08:14:02');
INSERT INTO `order_ticket` VALUES (74, NULL, 1, 2, 2, 0, '440000', 'bank', '2022-04-16 08:15:09', '2022-04-16 08:15:09');
INSERT INTO `order_ticket` VALUES (75, NULL, 1, 2, 2, 0, '440000', 'bank', '2022-04-16 08:15:56', '2022-04-16 08:15:56');
INSERT INTO `order_ticket` VALUES (76, NULL, 1, 1, 2, 1, '680000', 'vnp', '2022-04-18 21:51:57', '2022-04-18 21:52:50');
INSERT INTO `order_ticket` VALUES (77, NULL, 1, 3, 2, 0, '440000', 'bank', '2022-04-19 22:45:34', '2022-04-19 22:45:34');

-- ----------------------------
-- Table structure for province
-- ----------------------------
DROP TABLE IF EXISTS `province`;
CREATE TABLE `province`  (
  `id` int(11) NOT NULL AUTO_INCREMENT,
  `name` varchar(255) CHARACTER SET utf8 COLLATE utf8_general_ci NULL DEFAULT NULL,
  `created_at` datetime NULL DEFAULT NULL,
  `updated_at` datetime NULL DEFAULT NULL,
  PRIMARY KEY (`id`) USING BTREE
) ENGINE = InnoDB CHARACTER SET = utf8 COLLATE = utf8_general_ci ROW_FORMAT = Dynamic;

-- ----------------------------
-- Records of province
-- ----------------------------
INSERT INTO `province` VALUES (1, 'Hà Nội', '2018-09-27 06:37:58', '2022-03-25 16:20:30');
INSERT INTO `province` VALUES (2, 'Bắc Ninh', '2018-10-09 17:13:46', '2022-03-25 16:20:36');
INSERT INTO `province` VALUES (3, 'Quảng Nam', '2018-10-09 10:42:25', '2018-10-09 10:54:53');
INSERT INTO `province` VALUES (6, 'Đà Nẵng', '2018-10-09 11:09:39', '2018-10-09 11:09:39');
INSERT INTO `province` VALUES (7, 'TP.Hồ Chí Minh', '2018-10-24 04:43:03', '2018-10-24 07:27:13');
INSERT INTO `province` VALUES (8, 'Bạc Liêu', '2018-10-24 07:00:11', '2018-10-24 07:00:11');
INSERT INTO `province` VALUES (9, 'Bảo Lộc', '2018-10-24 07:00:21', '2018-10-24 07:00:21');
INSERT INTO `province` VALUES (10, 'Lâm Đồng', '2018-10-24 07:00:32', '2018-10-24 07:00:32');
INSERT INTO `province` VALUES (11, 'Nha Trang', '2018-10-24 07:01:24', '2018-10-24 07:01:24');
INSERT INTO `province` VALUES (12, 'Phan Thiết', '2018-10-24 07:01:36', '2018-10-24 07:01:36');
INSERT INTO `province` VALUES (13, 'Cà Mau', '2018-10-24 07:01:42', '2018-10-24 07:01:42');
INSERT INTO `province` VALUES (14, 'Cần Thơ', '2018-10-24 07:01:50', '2018-10-24 07:01:50');
INSERT INTO `province` VALUES (15, 'Đồng Tháp', '2018-10-24 07:01:59', '2018-10-24 07:01:59');
INSERT INTO `province` VALUES (16, 'Châu Đốc', '2018-10-24 07:02:14', '2018-10-24 07:02:14');
INSERT INTO `province` VALUES (17, 'Đà Lạt', '2018-10-24 07:05:43', '2018-10-24 07:05:43');
INSERT INTO `province` VALUES (19, 'Kiên Giang', '2018-10-24 07:06:02', '2018-10-24 07:06:02');
INSERT INTO `province` VALUES (20, 'Huế', '2018-10-24 07:06:11', '2018-10-24 07:06:11');
INSERT INTO `province` VALUES (21, 'Nam Định', '2018-10-24 07:06:24', '2018-10-24 07:06:24');
INSERT INTO `province` VALUES (22, 'Bình Định', '2018-10-24 07:06:46', '2018-10-24 07:06:46');
INSERT INTO `province` VALUES (23, 'Sóc Trăng', '2018-10-24 07:07:32', '2018-10-24 07:07:32');
INSERT INTO `province` VALUES (24, 'Trà Vinh', '2018-10-24 07:07:46', '2018-10-24 07:07:46');
INSERT INTO `province` VALUES (25, 'Vũng Tàu', '2018-10-24 07:07:58', '2018-10-24 07:07:58');
INSERT INTO `province` VALUES (26, 'Bến Tre', '2018-10-24 07:08:14', '2018-10-24 07:08:14');
INSERT INTO `province` VALUES (27, 'Tuy Hòa', '2018-10-24 07:08:38', '2018-10-24 07:08:38');
INSERT INTO `province` VALUES (28, 'Đắk Lắk', '2018-10-24 07:09:17', '2018-10-24 07:09:17');
INSERT INTO `province` VALUES (29, 'Đắk Nông', '2018-10-24 07:09:25', '2018-10-24 07:09:25');
INSERT INTO `province` VALUES (30, 'Tây Ninh', '2018-10-31 07:42:36', '2018-10-31 07:42:36');

-- ----------------------------
-- Table structure for route_bus
-- ----------------------------
DROP TABLE IF EXISTS `route_bus`;
CREATE TABLE `route_bus`  (
  `id` int(11) NOT NULL AUTO_INCREMENT COMMENT 'lộ trình',
  `user_create` varchar(55) CHARACTER SET utf8 COLLATE utf8_general_ci NULL DEFAULT NULL,
  `user_update` varchar(55) CHARACTER SET utf8 COLLATE utf8_general_ci NULL DEFAULT NULL,
  `departure` varchar(255) CHARACTER SET utf8 COLLATE utf8_general_ci NULL DEFAULT NULL COMMENT 'nơi đi',
  `destination` varchar(255) CHARACTER SET utf8 COLLATE utf8_general_ci NULL DEFAULT NULL COMMENT 'nơi đến',
  `rest_stops` varchar(255) CHARACTER SET utf8 COLLATE utf8_general_ci NULL DEFAULT NULL COMMENT 'các trạm dừng chân',
  `time_intend` int(11) NULL DEFAULT 0,
  `km` varchar(45) CHARACTER SET utf8 COLLATE utf8_general_ci NULL DEFAULT NULL,
  `image` varchar(245) CHARACTER SET utf8 COLLATE utf8_general_ci NULL DEFAULT NULL,
  `route` varchar(45) CHARACTER SET utf8 COLLATE utf8_general_ci NULL DEFAULT NULL,
  `hot` varchar(45) CHARACTER SET utf8 COLLATE utf8_general_ci NULL DEFAULT NULL,
  `created_at` datetime NULL DEFAULT NULL,
  `updated_at` datetime NULL DEFAULT NULL,
  PRIMARY KEY (`id`) USING BTREE,
  INDEX `Mã_nhân_viên_chỉnh_sửa`(`user_update` ASC) USING BTREE,
  INDEX `Mã_nhân_viên_tạo`(`user_create` ASC) USING BTREE
) ENGINE = InnoDB CHARACTER SET = utf8 COLLATE = utf8_general_ci ROW_FORMAT = Dynamic;

-- ----------------------------
-- Records of route_bus
-- ----------------------------
INSERT INTO `route_bus` VALUES (1, '1', '1', 'Hà Nội', 'Hà Nội', '1', 3, '280', 'ho_chi_minh_1649769958.jpeg', 'Hà Nội - Hà Nội', '1', '2018-10-09 12:38:30', '2022-04-12 21:01:32');
INSERT INTO `route_bus` VALUES (2, '1', '1', 'Hà Nội', 'TP.Hồ Chí Minh', '1', 2, '120', 'ha_noi_1649769951.jpg', 'Hà Nội - TP.Hồ Chí Minh', '1', '2018-10-09 08:50:20', '2022-04-12 21:01:32');
INSERT INTO `route_bus` VALUES (3, '1', '1', 'TP.Hồ Chí Minh', 'Phan Thiết', '3', 3, '200', 'hanoi_du_lich_1649769964.jpg', 'TP.Hồ Chí Minh - Phan Thiết', '1', '2018-10-09 08:51:33', '2022-04-12 21:01:32');
INSERT INTO `route_bus` VALUES (4, '1', '1', 'Đồng Tháp', 'Đà Nẵng', '1', 4, '120', 'hanoi_1649769972.jpg', 'Đồng Tháp - Đà Nẵng', '1', '2018-10-09 08:56:45', '2022-04-12 21:01:32');
INSERT INTO `route_bus` VALUES (5, '1', '1', 'Hà Nội', 'Hà Nội', '1', 2, '230', 'ha_noi_1649769993.jpg', 'Hà Nội - Hà Nội', '1', '2018-10-24 07:29:27', '2022-04-12 21:01:32');
INSERT INTO `route_bus` VALUES (6, '1', '1', 'Bắc Ninh', 'Bạc Liêu', '4', 3, '239', 'ho_chi_minh_1649769999.jpeg', 'Bắc Ninh - Bạc Liêu', '1', '2018-10-24 07:30:12', '2022-04-12 21:01:32');
INSERT INTO `route_bus` VALUES (7, '1', '1', 'TP.Hồ Chí Minh', 'Bạc Liêu', '1', 2, '150', 'hanoi_du_lich_1649770009.jpg', 'TP.Hồ Chí Minh - Bạc Liêu', '0', '2018-10-31 07:41:50', '2022-04-12 21:01:32');
INSERT INTO `route_bus` VALUES (8, '1', '1', 'Nha Trang', 'Bạc Liêu', '3', 3, '368', 'hanoi_1649770019.jpg', 'Nha Trang - Bạc Liêu', '0', '2018-10-31 07:42:54', '2022-04-12 21:01:32');
INSERT INTO `route_bus` VALUES (9, '1', '1', 'Bảo Lộc', 'Bảo Lộc', '1', 4, '457', 'ho_chi_minh_1649770027.jpeg', 'Bảo Lộc - Bảo Lộc', '0', '2018-12-05 02:58:27', '2022-04-12 21:01:32');

-- ----------------------------
-- Table structure for settings
-- ----------------------------
DROP TABLE IF EXISTS `settings`;
CREATE TABLE `settings`  (
  `id` int(11) NOT NULL,
  `company` varchar(45) CHARACTER SET utf8mb4 COLLATE utf8mb4_0900_ai_ci NULL DEFAULT NULL,
  `address` varchar(45) CHARACTER SET utf8mb4 COLLATE utf8mb4_0900_ai_ci NULL DEFAULT NULL,
  `address2` varchar(45) CHARACTER SET utf8mb4 COLLATE utf8mb4_0900_ai_ci NULL DEFAULT NULL,
  `image` varchar(45) CHARACTER SET utf8mb4 COLLATE utf8mb4_0900_ai_ci NULL DEFAULT NULL,
  `phone` varchar(45) CHARACTER SET utf8mb4 COLLATE utf8mb4_0900_ai_ci NULL DEFAULT NULL,
  `hotline` varchar(45) CHARACTER SET utf8mb4 COLLATE utf8mb4_0900_ai_ci NULL DEFAULT NULL,
  `tax` varchar(45) CHARACTER SET utf8mb4 COLLATE utf8mb4_0900_ai_ci NULL DEFAULT NULL,
  `facebook` varchar(45) CHARACTER SET utf8mb4 COLLATE utf8mb4_0900_ai_ci NULL DEFAULT NULL,
  `email` varchar(45) CHARACTER SET utf8mb4 COLLATE utf8mb4_0900_ai_ci NULL DEFAULT NULL,
  `introduce` varchar(45) CHARACTER SET utf8mb4 COLLATE utf8mb4_0900_ai_ci NULL DEFAULT NULL,
  `created_at` varchar(45) CHARACTER SET utf8mb4 COLLATE utf8mb4_0900_ai_ci NULL DEFAULT NULL,
  `updated_at` varchar(45) CHARACTER SET utf8mb4 COLLATE utf8mb4_0900_ai_ci NULL DEFAULT NULL,
  `summary` varchar(45) CHARACTER SET utf8mb4 COLLATE utf8mb4_0900_ai_ci NULL DEFAULT NULL,
  PRIMARY KEY (`id`) USING BTREE
) ENGINE = InnoDB CHARACTER SET = utf8mb4 COLLATE = utf8mb4_0900_ai_ci ROW_FORMAT = Dynamic;

-- ----------------------------
-- Records of settings
-- ----------------------------
INSERT INTO `settings` VALUES (1, 'Công ty abc', 'Thạch Thất - Hà Nội', 'Thạch Thất  - Hà Nội', NULL, '0372 471 772', '0372471772', '12345678', 'https://www.facebook.com/byt3212/', 'dovanbinh@gmail.com', NULL, NULL, '2022-04-06 20:43:06', NULL);

-- ----------------------------
-- Table structure for thong_ke
-- ----------------------------
DROP TABLE IF EXISTS `thong_ke`;
CREATE TABLE `thong_ke`  (
  `Mã` int(11) NOT NULL AUTO_INCREMENT,
  `Tháng` int(11) NOT NULL,
  `Năm` int(11) NOT NULL,
  `Số_chuyến_xe` int(11) NOT NULL,
  `Chi_phí` int(11) NOT NULL,
  `Doanh_thu` int(11) NOT NULL,
  `created__at` datetime NOT NULL,
  `updated_at` datetime NOT NULL,
  PRIMARY KEY (`Mã`) USING BTREE
) ENGINE = InnoDB CHARACTER SET = latin1 COLLATE = latin1_swedish_ci ROW_FORMAT = Dynamic;

-- ----------------------------
-- Records of thong_ke
-- ----------------------------
INSERT INTO `thong_ke` VALUES (1, 1, 2017, 10, 50000000, 70000000, '2018-10-11 18:04:29', '2018-10-11 18:04:29');
INSERT INTO `thong_ke` VALUES (2, 2, 2017, 15, 55000000, 80000000, '2018-10-11 19:00:10', '2018-10-11 19:00:10');
INSERT INTO `thong_ke` VALUES (3, 3, 2017, 12, 56000000, 85000000, '2018-10-11 19:00:54', '2018-10-11 19:00:54');
INSERT INTO `thong_ke` VALUES (4, 4, 2017, 20, 40000000, 65000000, '2018-10-11 19:01:32', '2018-10-11 19:01:32');
INSERT INTO `thong_ke` VALUES (5, 5, 2017, 22, 65000000, 90000000, '2018-10-11 19:02:16', '2018-10-11 19:02:16');
INSERT INTO `thong_ke` VALUES (6, 6, 2017, 23, 73000000, 89000000, '2018-10-11 19:02:58', '2018-10-11 19:02:58');
INSERT INTO `thong_ke` VALUES (7, 7, 2017, 50, 80000000, 120000000, '2018-10-11 19:03:47', '2018-10-11 19:03:47');
INSERT INTO `thong_ke` VALUES (8, 8, 2017, 13, 40000000, 67000000, '2018-12-13 17:11:07', '2018-12-13 17:11:07');
INSERT INTO `thong_ke` VALUES (9, 9, 2017, 23, 45000000, 71000000, '2018-12-13 17:12:14', '2018-12-13 17:12:14');
INSERT INTO `thong_ke` VALUES (10, 10, 2017, 25, 49000000, 75000000, '2018-12-13 17:12:40', '2018-12-13 17:12:40');
INSERT INTO `thong_ke` VALUES (11, 11, 2017, 31, 54000000, 80000000, '2018-12-13 17:13:16', '2018-12-13 17:13:16');
INSERT INTO `thong_ke` VALUES (12, 12, 2017, 35, 54000000, 89000000, '2018-12-13 17:13:45', '2018-12-13 17:13:45');
INSERT INTO `thong_ke` VALUES (13, 1, 2018, 15, 50000000, 76000000, '2018-12-13 17:16:03', '2018-12-13 17:16:03');
INSERT INTO `thong_ke` VALUES (14, 2, 2018, 15, 55000000, 82000000, '2018-12-13 17:16:35', '2018-12-13 17:16:35');
INSERT INTO `thong_ke` VALUES (15, 3, 2018, 17, 56000000, 90000000, '2018-12-13 17:17:04', '2018-12-13 17:17:04');
INSERT INTO `thong_ke` VALUES (16, 4, 2018, 21, 45000000, 73000000, '2018-12-13 17:17:34', '2018-12-13 17:17:34');
INSERT INTO `thong_ke` VALUES (17, 5, 2018, 21, 65000000, 93000000, '2018-12-13 17:18:01', '2018-12-13 17:18:01');
INSERT INTO `thong_ke` VALUES (18, 6, 2018, 31, 81000000, 95000000, '2018-12-13 17:18:36', '2018-12-13 17:18:36');
INSERT INTO `thong_ke` VALUES (19, 7, 2018, 47, 83000000, 112000000, '2018-12-13 17:19:14', '2018-12-13 17:19:14');
INSERT INTO `thong_ke` VALUES (20, 8, 2018, 20, 56000000, 75000000, '2018-12-13 17:19:51', '2018-12-13 17:19:51');
INSERT INTO `thong_ke` VALUES (21, 9, 2018, 27, 49000000, 83000000, '2018-12-13 17:20:28', '2018-12-13 17:20:28');
INSERT INTO `thong_ke` VALUES (22, 10, 2018, 32, 53000000, 85000000, '2018-12-13 17:21:22', '2018-12-13 17:21:22');
INSERT INTO `thong_ke` VALUES (23, 11, 2018, 29, 54000000, 75000000, '2018-12-13 17:22:04', '2018-12-13 17:22:04');
INSERT INTO `thong_ke` VALUES (24, 12, 2018, 42, 63000000, 97000000, '2018-12-13 17:22:40', '2018-12-13 17:22:40');

-- ----------------------------
-- Table structure for type_buses
-- ----------------------------
DROP TABLE IF EXISTS `type_buses`;
CREATE TABLE `type_buses`  (
  `id` int(11) NOT NULL AUTO_INCREMENT COMMENT 'LOẠI XE',
  `type_bus` varchar(255) CHARACTER SET utf8 COLLATE utf8_general_ci NULL DEFAULT NULL COMMENT 'loại xe',
  `seats` int(11) NULL DEFAULT NULL COMMENT 'số ghế',
  `number_row` int(11) NULL DEFAULT NULL COMMENT 'số hàng',
  `number_columns` int(11) NULL DEFAULT NULL COMMENT 'số cột',
  `diagram` varchar(255) CHARACTER SET utf8 COLLATE utf8_general_ci NULL DEFAULT NULL,
  `user_create` varchar(55) CHARACTER SET utf8 COLLATE utf8_general_ci NULL DEFAULT NULL,
  `user_update` varchar(55) CHARACTER SET utf8 COLLATE utf8_general_ci NULL DEFAULT NULL,
  `created_at` timestamp(6) NULL DEFAULT NULL COMMENT 'type_buses',
  `updated_at` timestamp(6) NULL DEFAULT NULL,
  PRIMARY KEY (`id`) USING BTREE
) ENGINE = InnoDB CHARACTER SET = utf8 COLLATE = utf8_general_ci ROW_FORMAT = Dynamic;

-- ----------------------------
-- Records of type_buses
-- ----------------------------
INSERT INTO `type_buses` VALUES (6, 'Xe ghế ngồi', 47, 12, 6, '100000110011110011110011110011110011110011110011110011110011110011111111', '1', 'Đỗ Văn Bình', '2018-10-24 08:15:10.000000', '2022-03-24 20:37:31.000000');
INSERT INTO `type_buses` VALUES (7, 'Xe giường nằm', 41, 13, 5, '10000101011010110101101011010111111101011010110101101011010111111', '1', '1', '2018-10-24 08:20:42.000000', '2022-03-22 21:08:04.000000');

-- ----------------------------
-- Table structure for users
-- ----------------------------
DROP TABLE IF EXISTS `users`;
CREATE TABLE `users`  (
  `id` int(11) NOT NULL AUTO_INCREMENT,
  `name` varchar(255) CHARACTER SET utf8 COLLATE utf8_general_ci NULL DEFAULT NULL,
  `date_birth` date NULL DEFAULT NULL,
  `sex` varchar(20) CHARACTER SET utf8 COLLATE utf8_general_ci NULL DEFAULT NULL,
  `address` varchar(255) CHARACTER SET utf8 COLLATE utf8_general_ci NULL DEFAULT NULL,
  `email` varchar(255) CHARACTER SET utf8 COLLATE utf8_general_ci NULL DEFAULT NULL,
  `password` varchar(255) CHARACTER SET utf8 COLLATE utf8_general_ci NULL DEFAULT NULL,
  `type_employee` int(10) NULL DEFAULT NULL COMMENT '0 tài xế, 1 admin, 2 supper admin',
  `branch` varchar(255) CHARACTER SET utf8 COLLATE utf8_general_ci NULL DEFAULT NULL,
  `license` varchar(255) CHARACTER SET utf8 COLLATE utf8_general_ci NULL DEFAULT NULL,
  `phone` varchar(255) CHARACTER SET utf8 COLLATE utf8_general_ci NULL DEFAULT NULL,
  `secret_code` varchar(245) CHARACTER SET utf8 COLLATE utf8_general_ci NULL DEFAULT NULL,
  `remember_token` varchar(245) CHARACTER SET utf8 COLLATE utf8_general_ci NULL DEFAULT NULL,
  `created_at` timestamp(6) NULL DEFAULT NULL,
  `updated_at` timestamp(6) NULL DEFAULT NULL,
  PRIMARY KEY (`id`) USING BTREE
) ENGINE = InnoDB CHARACTER SET = utf8 COLLATE = utf8_general_ci ROW_FORMAT = Dynamic;

-- ----------------------------
-- Records of users
-- ----------------------------
INSERT INTO `users` VALUES (1, 'Phan Anh Minh', '1994-04-10', 'Nam', 'Hà Nội', 'phananhminh51202164@gmail.com', '96e79218965eb72c92a549dd5a330112', 1, 'Hồ Chí Minh', NULL, '0946881949', NULL, NULL, '2018-09-28 20:02:37.000000', '2022-03-23 13:11:05.000000');
INSERT INTO `users` VALUES (3, 'Phan Anh Sơn', '1993-05-11', 'Nam', 'Hà Nội', 'phananhson@email.com', 'd41d8cd98f00b204e9800998ecf8427e', 0, 'Hồ Chí Minh', 'B2', '0967676767', NULL, NULL, '2018-10-10 09:11:31.000000', '2022-03-23 13:11:14.000000');
INSERT INTO `users` VALUES (4, 'Nguyễn Bằng', '1994-04-10', 'Nam', '506/19/15 3/2 street', 'nguyenbang@gmail.com', '$2y$10$S2hjzUwgQn5b4QVzdXrbAO.gV.wMZOQGs4/Am5ehtjabTWEOmS01y', 0, 'Ho Chi Minh City', 'B1', '0998989898', NULL, NULL, '2018-10-24 07:48:20.000000', '2022-03-23 13:10:45.000000');
INSERT INTO `users` VALUES (5, 'Đỗ Văn Bình', '1988-01-10', 'Nam', 'Thạch Thất - Hà Nội', 'dobinh111999@gmail.com', '$2y$10$ISuFwR3Vdw26VLXFrm/EjevFgBi.huPhnUGqGjl0I6kISbvacal5K', 2, 'HCMC', 'B1', '0372471772', NULL, 'ANVJbzyBBsqdWF6g6OaRlkaQQDiQa5UHXZCSrJ51Av86VRl5HgYlmJFSC60e', '2018-10-31 07:46:15.000000', '2022-04-07 12:49:10.000000');
INSERT INTO `users` VALUES (6, 'Phan Anh Lộc', '1995-09-11', 'Nam', '506/19/15 3/2 street', 'anhminh@email.com', '96e79218965eb72c92a549dd5a330112', 0, 'Ho Chi Minh City', NULL, '0987435212', NULL, NULL, '2018-11-13 02:24:40.000000', '2022-03-23 13:10:27.000000');
INSERT INTO `users` VALUES (7, 'Trần Thị V', '1992-04-20', 'Nữ', 'Linh Trung, Thủ Đức', 'tranhoanganh@gmail.com', 'd41d8cd98f00b204e9800998ecf8427e', 1, 'Hồ Chí Minh', NULL, '0987788778', NULL, NULL, '2018-12-20 03:07:22.000000', '2022-03-23 13:07:20.000000');

SET FOREIGN_KEY_CHECKS = 1;
